day,sleep_score,total_sleep_seconds,deep_sleep_seconds,rem_sleep_seconds,light_sleep_seconds,awake_seconds,time_in_bed_seconds,efficiency,latency_seconds,bedtime_start,bedtime_end,contributors_json,updated_at
2025-04-30,70,25890,3900,4140,17850,3893,29783,87,480,2025-04-30T04:26:32+00:00,2025-04-30T12:42:55+00:00,"{""timing"":55,""latency"":81,""rem_sleep"":54,""deep_sleep"":60,""efficiency"":88,""restfulness"":69,""total_sleep"":73}",2026-04-18T21:19:47.596476+00:00
2025-05-01,67,26640,1860,8010,16770,13466,40106,66,1920,2025-05-01T05:56:00+00:00,2025-05-01T17:04:26+00:00,"{""timing"":14,""latency"":54,""rem_sleep"":100,""deep_sleep"":60,""efficiency"":41,""restfulness"":40,""total_sleep"":95}",2026-04-18T21:19:47.596476+00:00
2025-05-02,66,24660,5310,4860,14490,4848,29508,84,480,2025-05-02T05:48:00+00:00,2025-05-02T13:59:48+00:00,"{""timing"":22,""latency"":81,""rem_sleep"":64,""deep_sleep"":83,""efficiency"":81,""restfulness"":63,""total_sleep"":68}",2026-04-18T21:19:47.596476+00:00
2025-05-03,53,29010,3000,6660,19350,20515,49525,59,2670,2025-05-03T03:34:27+00:00,2025-05-03T17:19:52+00:00,"{""timing"":22,""latency"":22,""rem_sleep"":88,""deep_sleep"":46,""efficiency"":24,""restfulness"":17,""total_sleep"":85}",2026-04-18T21:19:47.596476+00:00
2025-05-04,77,26310,2730,7020,16560,5706,32016,82,390,2025-05-04T06:24:29+00:00,2025-05-04T15:18:05+00:00,"{""timing"":23,""latency"":75,""rem_sleep"":97,""deep_sleep"":51,""efficiency"":72,""restfulness"":68,""total_sleep"":97}",2026-04-18T21:19:47.596476+00:00
2025-05-05,74,33930,4020,5100,24810,9451,43381,78,660,2025-05-05T03:49:27+00:00,2025-05-05T15:52:28+00:00,"{""timing"":32,""latency"":89,""rem_sleep"":67,""deep_sleep"":62,""efficiency"":67,""restfulness"":51,""total_sleep"":100}",2026-04-18T21:19:47.596476+00:00
2025-05-06,61,24120,4440,4710,14970,5246,29366,82,1770,2025-05-06T05:20:27+00:00,2025-05-06T13:29:53+00:00,"{""timing"":24,""latency"":59,""rem_sleep"":62,""deep_sleep"":69,""efficiency"":76,""restfulness"":59,""total_sleep"":66}",2026-04-18T21:19:47.596476+00:00
2025-05-07,69,18990,3420,3450,12120,3270,22260,85,1260,2025-05-07T05:09:28+00:00,2025-05-07T11:20:28+00:00,"{""timing"":65,""latency"":83,""rem_sleep"":60,""deep_sleep"":83,""efficiency"":74,""restfulness"":72,""total_sleep"":62}",2026-04-18T21:19:47.596476+00:00
2025-05-08,62,24330,4740,4800,14790,5254,29584,82,1350,2025-05-08T07:18:29+00:00,2025-05-08T15:31:33+00:00,"{""timing"":6,""latency"":78,""rem_sleep"":63,""deep_sleep"":74,""efficiency"":76,""restfulness"":60,""total_sleep"":67}",2026-04-18T21:19:47.596476+00:00
2025-05-09,82,27480,4980,5250,17250,5115,32595,84,1290,2025-05-09T05:17:30+00:00,2025-05-09T14:20:45+00:00,"{""timing"":34,""latency"":81,""rem_sleep"":89,""deep_sleep"":81,""efficiency"":79,""restfulness"":79,""total_sleep"":96}",2026-04-18T21:19:47.596476+00:00
2025-05-10,61,27840,3750,7140,16950,12338,40178,69,1530,2025-05-10T06:59:31+00:00,2025-05-10T18:09:09+00:00,"{""timing"":1,""latency"":70,""rem_sleep"":95,""deep_sleep"":59,""efficiency"":46,""restfulness"":37,""total_sleep"":80}",2026-04-18T21:19:47.596476+00:00
2025-05-11,73,31080,5250,6930,18900,10332,41412,75,1230,2025-05-11T05:38:31+00:00,2025-05-11T17:08:43+00:00,"{""timing"":12,""latency"":83,""rem_sleep"":93,""deep_sleep"":83,""efficiency"":60,""restfulness"":54,""total_sleep"":92}",2026-04-18T21:19:47.596476+00:00
2025-05-12,77,30180,4260,8400,17520,4181,34361,88,1110,2025-05-12T05:42:31+00:00,2025-05-12T15:15:12+00:00,"{""timing"":15,""latency"":89,""rem_sleep"":98,""deep_sleep"":66,""efficiency"":90,""restfulness"":68,""total_sleep"":89}",2026-04-18T21:19:47.596476+00:00
2025-05-13,61,23880,3690,4350,15840,3589,27469,87,1950,2025-05-13T06:03:01+00:00,2025-05-13T13:40:50+00:00,"{""timing"":18,""latency"":51,""rem_sleep"":58,""deep_sleep"":58,""efficiency"":88,""restfulness"":74,""total_sleep"":65}",2026-04-18T21:19:47.596476+00:00
2025-05-14,59,26610,4470,5730,16410,11814,38424,69,630,2025-05-14T06:08:58+00:00,2025-05-14T16:49:22+00:00,"{""timing"":14,""latency"":86,""rem_sleep"":76,""deep_sleep"":70,""efficiency"":46,""restfulness"":26,""total_sleep"":75}",2026-04-18T21:19:47.596476+00:00
2025-05-15,75,31440,5640,6630,19170,5869,37309,84,2580,2025-05-15T04:28:32+00:00,2025-05-15T14:50:21+00:00,"{""timing"":21,""latency"":24,""rem_sleep"":88,""deep_sleep"":88,""efficiency"":81,""restfulness"":78,""total_sleep"":94}",2026-04-18T21:19:47.596476+00:00
2025-05-16,64,27720,5670,5340,16710,8403,36123,77,1800,2025-05-16T05:54:01+00:00,2025-05-16T15:56:04+00:00,"{""timing"":13,""latency"":59,""rem_sleep"":71,""deep_sleep"":89,""efficiency"":65,""restfulness"":43,""total_sleep"":80}",2026-04-18T21:19:47.596476+00:00
2025-05-17,31,3030,1020,240,1770,930,3960,77,1020,2025-05-16T22:25:32+00:00,2025-05-16T23:31:32+00:00,"{""timing"":1,""latency"":94,""rem_sleep"":3,""deep_sleep"":15,""efficiency"":65,""restfulness"":72,""total_sleep"":6}",2026-04-18T21:19:47.596476+00:00
2025-05-18,61,13740,2910,1290,9540,4853,18593,74,630,2025-05-18T04:48:02+00:00,2025-05-18T09:57:55+00:00,"{""timing"":89,""latency"":86,""rem_sleep"":33,""deep_sleep"":72,""efficiency"":51,""restfulness"":59,""total_sleep"":54}",2026-04-18T21:19:47.596476+00:00
2025-05-19,55,17220,2910,2250,12060,2340,19560,88,1440,2025-05-19T04:30:02+00:00,2025-05-19T09:56:02+00:00,"{""timing"":88,""latency"":75,""rem_sleep"":29,""deep_sleep"":45,""efficiency"":90,""restfulness"":59,""total_sleep"":39}",2026-04-18T21:19:47.596476+00:00
2025-05-20,65,19050,3150,4890,11010,3614,22664,84,1140,2025-05-20T07:29:01+00:00,2025-05-20T13:46:45+00:00,"{""timing"":12,""latency"":89,""rem_sleep"":79,""deep_sleep"":67,""efficiency"":65,""restfulness"":60,""total_sleep"":70}",2026-04-18T21:19:47.596476+00:00
2025-05-21,71,24810,960,4350,19500,10474,35284,70,2340,2025-05-21T04:21:56+00:00,2025-05-21T14:10:00+00:00,"{""timing"":39,""latency"":35,""rem_sleep"":75,""deep_sleep"":63,""efficiency"":51,""restfulness"":67,""total_sleep"":100}",2026-04-18T21:19:47.596476+00:00
2025-05-22,85,20190,4080,4950,11160,3009,23199,87,540,2025-05-22T07:41:54+00:00,2025-05-22T14:08:33+00:00,"{""timing"":76,""latency"":83,""rem_sleep"":95,""deep_sleep"":99,""efficiency"":65,""restfulness"":55,""total_sleep"":98}",2026-04-18T21:19:47.596476+00:00
2025-05-23,50,24840,2640,3780,18420,15469,40309,62,1290,2025-05-23T07:55:57+00:00,2025-05-23T19:07:46+00:00,"{""timing"":22,""latency"":81,""rem_sleep"":49,""deep_sleep"":40,""efficiency"":30,""restfulness"":21,""total_sleep"":69}",2026-04-18T21:19:47.596476+00:00
2025-05-24,79,30510,3780,7350,19380,5859,36369,84,750,2025-05-24T06:30:23+00:00,2025-05-24T16:36:32+00:00,"{""timing"":57,""latency"":91,""rem_sleep"":96,""deep_sleep"":59,""efficiency"":81,""restfulness"":59,""total_sleep"":90}",2026-04-18T21:19:47.596476+00:00
2025-05-25,63,22410,3690,3270,15450,4159,26569,84,540,2025-05-25T06:47:57+00:00,2025-05-25T14:10:46+00:00,"{""timing"":83,""latency"":83,""rem_sleep"":43,""deep_sleep"":58,""efficiency"":81,""restfulness"":51,""total_sleep"":59}",2026-04-18T21:19:47.596476+00:00
2025-05-26,64,27240,3180,6720,17340,9364,36604,74,1950,2025-05-26T06:57:23+00:00,2025-05-26T17:07:27+00:00,"{""timing"":50,""latency"":51,""rem_sleep"":89,""deep_sleep"":49,""efficiency"":58,""restfulness"":49,""total_sleep"":78}",2026-04-18T21:19:47.596476+00:00
2025-05-27,75,24180,4770,5520,13890,5040,29220,83,1620,2025-05-27T07:19:00+00:00,2025-05-27T15:26:00+00:00,"{""timing"":62,""latency"":67,""rem_sleep"":80,""deep_sleep"":86,""efficiency"":76,""restfulness"":59,""total_sleep"":81}",2026-04-18T21:19:47.596476+00:00
2025-05-28,56,18600,1650,5940,11010,4818,23418,79,1800,2025-05-28T07:19:00+00:00,2025-05-28T13:49:18+00:00,"{""timing"":84,""latency"":59,""rem_sleep"":79,""deep_sleep"":25,""efficiency"":69,""restfulness"":58,""total_sleep"":45}",2026-04-18T21:19:47.596476+00:00
2025-05-29,41,13830,3660,3000,7170,3145,16975,81,510,2025-05-29T04:04:01+00:00,2025-05-29T08:46:56+00:00,"{""timing"":1,""latency"":81,""rem_sleep"":39,""deep_sleep"":57,""efficiency"":74,""restfulness"":41,""total_sleep"":27}",2026-04-18T21:19:47.596476+00:00
2025-05-30,86,24360,2610,5190,16560,10704,35064,69,1170,2025-05-29T16:48:00+00:00,2025-05-30T02:32:24+00:00,"{""timing"":87,""latency"":86,""rem_sleep"":98,""deep_sleep"":87,""efficiency"":67,""restfulness"":57,""total_sleep"":100}",2026-04-18T21:19:47.596476+00:00
2025-05-31,84,20130,3240,3420,13470,2459,22589,89,450,2025-05-31T00:20:00+00:00,2025-05-31T06:36:29+00:00,"{""timing"":33,""latency"":78,""rem_sleep"":76,""deep_sleep"":91,""efficiency"":90,""restfulness"":77,""total_sleep"":99}",2026-04-18T21:19:47.596476+00:00
2025-06-01,76,27900,4140,6810,16950,4081,31981,87,870,2025-06-01T05:11:32+00:00,2025-06-01T14:04:33+00:00,"{""timing"":24,""latency"":97,""rem_sleep"":91,""deep_sleep"":64,""efficiency"":88,""restfulness"":76,""total_sleep"":80}",2026-04-18T21:19:47.596476+00:00
2025-06-02,71,26400,4200,5550,16650,2976,29376,90,480,2025-06-02T05:39:31+00:00,2025-06-02T13:49:07+00:00,"{""timing"":23,""latency"":81,""rem_sleep"":74,""deep_sleep"":65,""efficiency"":95,""restfulness"":71,""total_sleep"":75}",2026-04-18T21:19:47.596476+00:00
2025-06-03,66,24120,3690,4290,16140,3000,27120,89,1110,2025-06-03T05:58:29+00:00,2025-06-03T13:30:29+00:00,"{""timing"":22,""latency"":89,""rem_sleep"":57,""deep_sleep"":58,""efficiency"":93,""restfulness"":73,""total_sleep"":66}",2026-04-18T21:19:47.596476+00:00
2025-06-04,63,26580,2880,6300,17400,6400,32980,81,750,2025-06-04T05:50:32+00:00,2025-06-04T15:00:12+00:00,"{""timing"":17,""latency"":91,""rem_sleep"":84,""deep_sleep"":44,""efficiency"":74,""restfulness"":37,""total_sleep"":75}",2026-04-18T21:19:47.596476+00:00
2025-06-05,67,28710,4260,7440,17010,13699,42409,68,540,2025-06-05T05:36:30+00:00,2025-06-05T17:23:19+00:00,"{""timing"":13,""latency"":83,""rem_sleep"":96,""deep_sleep"":66,""efficiency"":44,""restfulness"":50,""total_sleep"":84}",2026-04-18T21:19:47.596476+00:00
2025-06-06,67,26160,3150,6960,16050,2927,29087,90,450,2025-06-06T06:36:31+00:00,2025-06-06T14:41:18+00:00,"{""timing"":13,""latency"":78,""rem_sleep"":93,""deep_sleep"":49,""efficiency"":95,""restfulness"":53,""total_sleep"":74}",2026-04-18T21:19:47.596476+00:00
2025-06-07,85,19020,2280,4530,12210,3142,22162,86,990,2025-06-07T07:01:31+00:00,2025-06-07T13:10:53+00:00,"{""timing"":43,""latency"":94,""rem_sleep"":83,""deep_sleep"":86,""efficiency"":88,""restfulness"":84,""total_sleep"":93}",2026-04-18T21:19:47.596476+00:00
2025-06-08,61,24510,4200,6360,13950,7935,32445,76,660,2025-06-08T07:19:28+00:00,2025-06-08T16:20:13+00:00,"{""timing"":5,""latency"":89,""rem_sleep"":84,""deep_sleep"":65,""efficiency"":62,""restfulness"":45,""total_sleep"":67}",2026-04-18T21:19:47.596476+00:00
2025-06-09,75,29220,3840,8190,17190,5182,34402,85,1320,2025-06-09T04:43:58+00:00,2025-06-09T14:17:20+00:00,"{""timing"":23,""latency"":81,""rem_sleep"":98,""deep_sleep"":60,""efficiency"":83,""restfulness"":72,""total_sleep"":85}",2026-04-18T21:19:47.596476+00:00
2025-06-10,52,20550,2730,3840,13980,6195,26745,77,1320,2025-06-10T06:16:28+00:00,2025-06-10T13:42:13+00:00,"{""timing"":20,""latency"":81,""rem_sleep"":50,""deep_sleep"":42,""efficiency"":65,""restfulness"":54,""total_sleep"":52}",2026-04-18T21:19:47.596476+00:00
2025-06-11,76,26430,4170,5520,16740,3953,30383,87,600,2025-06-11T06:39:30+00:00,2025-06-11T15:05:53+00:00,"{""timing"":11,""latency"":86,""rem_sleep"":86,""deep_sleep"":83,""efficiency"":81,""restfulness"":63,""total_sleep"":89}",2026-04-18T21:19:47.596476+00:00
2025-06-12,75,28650,5580,6630,16440,3639,32289,89,1170,2025-06-12T06:24:59+00:00,2025-06-12T15:23:08+00:00,"{""timing"":9,""latency"":86,""rem_sleep"":88,""deep_sleep"":87,""efficiency"":93,""restfulness"":63,""total_sleep"":83}",2026-04-18T21:19:47.596476+00:00
2025-06-13,41,13830,2820,2040,8970,3810,17640,78,1080,2025-06-13T02:22:58+00:00,2025-06-13T07:16:58+00:00,"{""timing"":10,""latency"":91,""rem_sleep"":26,""deep_sleep"":43,""efficiency"":67,""restfulness"":54,""total_sleep"":27}",2026-04-18T21:19:47.596476+00:00
2025-06-14,59,24690,2610,4470,17610,12585,37275,66,690,2025-06-13T21:10:58+00:00,2025-06-14T07:32:13+00:00,"{""timing"":57,""latency"":89,""rem_sleep"":59,""deep_sleep"":40,""efficiency"":39,""restfulness"":44,""total_sleep"":68}",2026-04-18T21:19:47.596476+00:00
2025-06-15,90,22620,4530,3960,14130,3540,26160,86,660,2025-06-15T00:47:29+00:00,2025-06-15T08:03:29+00:00,"{""timing"":93,""latency"":89,""rem_sleep"":73,""deep_sleep"":92,""efficiency"":83,""restfulness"":81,""total_sleep"":98}",2026-04-18T21:19:47.596476+00:00
2025-06-16,89,28530,4770,5940,17820,4530,33060,86,600,2025-06-16T04:13:30+00:00,2025-06-16T13:24:30+00:00,"{""timing"":61,""latency"":86,""rem_sleep"":92,""deep_sleep"":96,""efficiency"":81,""restfulness"":76,""total_sleep"":100}",2026-04-18T21:19:47.596476+00:00
2025-06-17,58,21840,3930,4080,13830,7853,29693,74,840,2025-06-17T07:26:28+00:00,2025-06-17T15:41:21+00:00,"{""timing"":65,""latency"":97,""rem_sleep"":53,""deep_sleep"":61,""efficiency"":58,""restfulness"":34,""total_sleep"":57}",2026-04-18T21:19:47.596476+00:00
2025-06-18,76,31860,4530,5580,21750,10055,41915,76,630,2025-06-18T05:29:59+00:00,2025-06-18T17:08:34+00:00,"{""timing"":76,""latency"":86,""rem_sleep"":74,""deep_sleep"":71,""efficiency"":62,""restfulness"":41,""total_sleep"":95}",2026-04-18T21:19:47.596476+00:00
2025-06-19,64,21840,3960,3360,14520,3162,25002,87,1470,2025-06-19T06:34:57+00:00,2025-06-19T13:31:39+00:00,"{""timing"":93,""latency"":72,""rem_sleep"":44,""deep_sleep"":61,""efficiency"":88,""restfulness"":53,""total_sleep"":57}",2026-04-18T21:19:47.596476+00:00
2025-06-21,70,24720,3600,4200,16920,7180,31900,77,1290,2025-06-20T07:53:29+00:00,2025-06-20T16:45:09+00:00,"{""timing"":88,""latency"":81,""rem_sleep"":55,""deep_sleep"":60,""efficiency"":62,""restfulness"":39,""total_sleep"":83}",2026-04-18T21:19:47.596476+00:00
2025-06-22,66,22020,3600,5370,13050,4676,26696,82,480,2025-06-21T11:28:28+00:00,2025-06-21T18:53:24+00:00,"{""timing"":96,""latency"":81,""rem_sleep"":71,""deep_sleep"":56,""efficiency"":76,""restfulness"":50,""total_sleep"":58}",2026-04-18T21:19:47.596476+00:00
2025-06-23,88,32670,4680,6630,21360,3876,36546,89,510,2025-06-22T09:11:02+00:00,2025-06-22T19:20:08+00:00,"{""timing"":100,""latency"":81,""rem_sleep"":88,""deep_sleep"":73,""efficiency"":93,""restfulness"":69,""total_sleep"":98}",2026-04-18T21:19:47.596476+00:00
2025-06-24,79,27210,3330,6930,16950,3244,30454,89,420,2025-06-23T10:15:02+00:00,2025-06-23T18:42:36+00:00,"{""timing"":100,""latency"":78,""rem_sleep"":93,""deep_sleep"":52,""efficiency"":93,""restfulness"":69,""total_sleep"":78}",2026-04-18T21:19:47.596476+00:00
2025-06-25,76,26070,4620,5220,16230,3815,29885,87,630,2025-06-24T10:29:01+00:00,2025-06-24T18:47:06+00:00,"{""timing"":100,""latency"":86,""rem_sleep"":69,""deep_sleep"":72,""efficiency"":88,""restfulness"":61,""total_sleep"":73}",2026-04-18T21:19:47.596476+00:00
2025-06-26,67,25410,4860,4590,15960,5102,30512,83,480,2025-06-25T12:15:58+00:00,2025-06-25T20:44:30+00:00,"{""timing"":65,""latency"":81,""rem_sleep"":61,""deep_sleep"":76,""efficiency"":79,""restfulness"":40,""total_sleep"":71}",2026-04-18T21:19:47.596476+00:00
2025-06-27,75,25650,4800,6660,14190,3963,29613,87,720,2025-06-26T12:01:28+00:00,2025-06-26T20:15:01+00:00,"{""timing"":71,""latency"":91,""rem_sleep"":88,""deep_sleep"":75,""efficiency"":88,""restfulness"":56,""total_sleep"":72}",2026-04-18T21:19:47.596476+00:00
2025-06-28,77,26250,4050,5070,17130,3601,29851,88,510,2025-06-27T10:25:28+00:00,2025-06-27T18:42:59+00:00,"{""timing"":100,""latency"":81,""rem_sleep"":67,""deep_sleep"":63,""efficiency"":90,""restfulness"":75,""total_sleep"":74}",2026-04-18T21:19:47.596476+00:00
2025-06-29,85,30780,4320,5880,20580,3062,33842,91,630,2025-06-28T11:51:59+00:00,2025-06-28T21:16:01+00:00,"{""timing"":36,""latency"":86,""rem_sleep"":99,""deep_sleep"":99,""efficiency"":74,""restfulness"":65,""total_sleep"":100}",2026-04-18T21:19:47.596476+00:00
2025-06-30,64,21750,4050,6480,11220,2320,24070,90,1800,2025-06-30T07:06:01+00:00,2025-06-30T13:47:11+00:00,"{""timing"":12,""latency"":59,""rem_sleep"":86,""deep_sleep"":63,""efficiency"":95,""restfulness"":82,""total_sleep"":57}",2026-04-18T21:19:47.596476+00:00
2025-07-02,73,29640,2610,5880,21150,5808,35448,84,1380,2025-07-02T03:42:33+00:00,2025-07-02T13:33:21+00:00,"{""timing"":38,""latency"":78,""rem_sleep"":78,""deep_sleep"":40,""efficiency"":81,""restfulness"":75,""total_sleep"":87}",2026-04-18T21:19:47.596476+00:00
2025-07-03,74,29730,5850,4560,19320,9985,39715,75,840,2025-07-03T04:53:02+00:00,2025-07-03T15:54:57+00:00,"{""timing"":20,""latency"":97,""rem_sleep"":60,""deep_sleep"":92,""efficiency"":60,""restfulness"":69,""total_sleep"":87}",2026-04-18T21:19:47.596476+00:00
2025-07-04,60,21390,3840,4560,12990,2850,24240,88,1500,2025-07-04T05:44:57+00:00,2025-07-04T12:28:57+00:00,"{""timing"":31,""latency"":72,""rem_sleep"":60,""deep_sleep"":60,""efficiency"":90,""restfulness"":62,""total_sleep"":56}",2026-04-18T21:19:47.596476+00:00
2025-07-05,75,43170,1830,10590,30750,10830,54000,80,150,2025-07-05T00:19:20+00:00,2025-07-05T15:19:20+00:00,"{""timing"":66,""latency"":64,""rem_sleep"":100,""deep_sleep"":28,""efficiency"":72,""restfulness"":49,""total_sleep"":100}",2026-04-18T21:19:47.596476+00:00
2025-07-06,52,21750,3360,5640,12750,6480,28230,77,1260,2025-07-06T08:20:00+00:00,2025-07-06T16:10:30+00:00,"{""timing"":1,""latency"":83,""rem_sleep"":75,""deep_sleep"":52,""efficiency"":65,""restfulness"":31,""total_sleep"":57}",2026-04-18T21:19:47.596476+00:00
2025-07-07,82,30630,4350,6780,19500,3105,33735,91,840,2025-07-07T03:47:00+00:00,2025-07-07T13:09:15+00:00,"{""timing"":53,""latency"":97,""rem_sleep"":90,""deep_sleep"":68,""efficiency"":96,""restfulness"":67,""total_sleep"":91}",2026-04-18T21:19:47.596476+00:00
2025-07-08,58,21870,3120,5130,13620,3019,24889,88,450,2025-07-08T06:48:58+00:00,2025-07-08T13:43:47+00:00,"{""timing"":17,""latency"":78,""rem_sleep"":68,""deep_sleep"":48,""efficiency"":90,""restfulness"":55,""total_sleep"":57}",2026-04-18T21:19:47.596476+00:00
2025-07-09,66,26220,3900,5970,16350,5247,31467,83,1770,2025-07-09T04:48:26+00:00,2025-07-09T13:32:53+00:00,"{""timing"":33,""latency"":59,""rem_sleep"":80,""deep_sleep"":60,""efficiency"":79,""restfulness"":60,""total_sleep"":74}",2026-04-18T21:19:47.596476+00:00
2025-07-10,72,30540,2310,9330,18900,5345,35885,85,1410,2025-07-10T05:45:27+00:00,2025-07-10T15:43:32+00:00,"{""timing"":12,""latency"":75,""rem_sleep"":100,""deep_sleep"":36,""efficiency"":83,""restfulness"":67,""total_sleep"":90}",2026-04-18T21:19:47.596476+00:00
2025-07-11,83,31590,4080,6690,20820,5595,37185,85,840,2025-07-11T02:38:27+00:00,2025-07-11T12:58:12+00:00,"{""timing"":75,""latency"":97,""rem_sleep"":89,""deep_sleep"":63,""efficiency"":83,""restfulness"":63,""total_sleep"":95}",2026-04-18T21:19:47.596476+00:00
2025-07-12,77,26550,3780,6090,16680,3210,29760,89,300,2025-07-12T05:05:30+00:00,2025-07-12T13:21:30+00:00,"{""timing"":33,""latency"":72,""rem_sleep"":88,""deep_sleep"":83,""efficiency"":76,""restfulness"":49,""total_sleep"":97}",2026-04-18T21:19:47.596476+00:00
2025-07-13,44,19890,2040,3930,13920,11130,31020,64,1320,2025-07-13T05:46:29+00:00,2025-07-13T14:23:29+00:00,"{""timing"":15,""latency"":81,""rem_sleep"":52,""deep_sleep"":31,""efficiency"":34,""restfulness"":35,""total_sleep"":50}",2026-04-18T21:19:47.596476+00:00
2025-07-14,80,21360,2790,4920,13650,2220,23580,91,210,2025-07-14T04:37:58+00:00,2025-07-14T11:10:58+00:00,"{""timing"":57,""latency"":67,""rem_sleep"":89,""deep_sleep"":81,""efficiency"":79,""restfulness"":67,""total_sleep"":93}",2026-04-18T21:19:47.596476+00:00
2025-07-15,61,21480,4680,4680,12120,9752,31232,69,1260,2025-07-15T06:16:57+00:00,2025-07-15T14:57:29+00:00,"{""timing"":100,""latency"":83,""rem_sleep"":62,""deep_sleep"":73,""efficiency"":46,""restfulness"":34,""total_sleep"":56}",2026-04-18T21:19:47.596476+00:00
2025-07-16,64,20970,4560,5340,11070,7050,28020,75,1320,2025-07-16T09:03:01+00:00,2025-07-16T16:50:01+00:00,"{""timing"":20,""latency"":81,""rem_sleep"":71,""deep_sleep"":80,""efficiency"":58,""restfulness"":67,""total_sleep"":62}",2026-04-18T21:19:47.596476+00:00
2025-07-17,75,27120,3270,6150,17700,7061,34181,79,930,2025-07-17T06:15:00+00:00,2025-07-17T15:44:41+00:00,"{""timing"":77,""latency"":97,""rem_sleep"":82,""deep_sleep"":51,""efficiency"":69,""restfulness"":68,""total_sleep"":77}",2026-04-18T21:19:47.596476+00:00
2025-07-18,75,23610,3180,6150,14280,5465,29075,81,1410,2025-07-18T06:48:58+00:00,2025-07-18T14:53:33+00:00,"{""timing"":61,""latency"":75,""rem_sleep"":85,""deep_sleep"":62,""efficiency"":72,""restfulness"":73,""total_sleep"":78}",2026-04-18T21:19:47.596476+00:00
2025-07-19,76,28590,4110,5490,18990,7301,35891,80,1110,2025-07-19T06:05:57+00:00,2025-07-19T16:04:08+00:00,"{""timing"":75,""latency"":89,""rem_sleep"":73,""deep_sleep"":64,""efficiency"":72,""restfulness"":65,""total_sleep"":83}",2026-04-18T21:19:47.596476+00:00
2025-07-20,61,23550,3390,4530,15630,8657,32207,73,870,2025-07-20T08:07:30+00:00,2025-07-20T17:04:17+00:00,"{""timing"":39,""latency"":97,""rem_sleep"":60,""deep_sleep"":53,""efficiency"":55,""restfulness"":58,""total_sleep"":64}",2026-04-18T21:19:47.596476+00:00
2025-07-21,66,26040,3720,5280,17040,7904,33944,77,480,2025-07-21T07:26:58+00:00,2025-07-21T16:52:42+00:00,"{""timing"":51,""latency"":81,""rem_sleep"":70,""deep_sleep"":58,""efficiency"":65,""restfulness"":53,""total_sleep"":73}",2026-04-18T21:19:47.596476+00:00
2025-07-22,70,23970,4230,7440,12300,4588,28558,84,1380,2025-07-22T07:40:57+00:00,2025-07-22T15:36:55+00:00,"{""timing"":50,""latency"":78,""rem_sleep"":96,""deep_sleep"":66,""efficiency"":81,""restfulness"":70,""total_sleep"":65}",2026-04-18T21:19:47.596476+00:00
2025-07-23,68,28200,3330,9600,15270,11206,39406,72,1950,2025-07-23T06:30:58+00:00,2025-07-23T17:27:44+00:00,"{""timing"":62,""latency"":51,""rem_sleep"":100,""deep_sleep"":52,""efficiency"":53,""restfulness"":51,""total_sleep"":81}",2026-04-18T21:19:47.596476+00:00
2025-07-24,78,31110,2700,9360,19050,9450,40560,77,1170,2025-07-24T05:51:58+00:00,2025-07-24T17:07:58+00:00,"{""timing"":69,""latency"":86,""rem_sleep"":100,""deep_sleep"":41,""efficiency"":65,""restfulness"":60,""total_sleep"":93}",2026-04-18T21:19:47.596476+00:00
2025-07-25,71,28200,1890,6960,19350,7148,35348,80,1410,2025-07-25T06:05:58+00:00,2025-07-25T15:55:06+00:00,"{""timing"":63,""latency"":75,""rem_sleep"":93,""deep_sleep"":29,""efficiency"":72,""restfulness"":60,""total_sleep"":81}",2026-04-18T21:19:47.596476+00:00
2025-07-26,70,25200,4170,5370,15660,3866,29066,87,1320,2025-07-26T07:19:57+00:00,2025-07-26T15:24:23+00:00,"{""timing"":56,""latency"":81,""rem_sleep"":71,""deep_sleep"":65,""efficiency"":88,""restfulness"":61,""total_sleep"":70}",2026-04-18T21:19:47.596476+00:00
2025-07-27,84,22110,3270,3450,15390,2987,25097,88,660,2025-07-27T06:38:30+00:00,2025-07-27T13:36:47+00:00,"{""timing"":97,""latency"":89,""rem_sleep"":54,""deep_sleep"":73,""efficiency"":86,""restfulness"":75,""total_sleep"":93}",2026-04-18T21:19:47.596476+00:00
2025-07-28,64,27240,4050,7140,16050,7932,35172,77,1650,2025-07-28T06:15:29+00:00,2025-07-28T16:01:41+00:00,"{""timing"":12,""latency"":64,""rem_sleep"":95,""deep_sleep"":63,""efficiency"":65,""restfulness"":47,""total_sleep"":78}",2026-04-18T21:19:47.596476+00:00
2025-07-29,68,24180,2280,7500,14400,4500,28680,84,1350,2025-07-29T06:36:02+00:00,2025-07-29T14:34:02+00:00,"{""timing"":13,""latency"":78,""rem_sleep"":96,""deep_sleep"":46,""efficiency"":74,""restfulness"":67,""total_sleep"":76}",2026-04-18T21:19:47.596476+00:00
2025-07-30,69,24600,3120,6960,14520,5473,30073,82,900,2025-07-30T06:43:01+00:00,2025-07-30T15:04:14+00:00,"{""timing"":9,""latency"":99,""rem_sleep"":93,""deep_sleep"":53,""efficiency"":76,""restfulness"":51,""total_sleep"":80}",2026-04-18T21:19:47.596476+00:00
2025-07-31,72,25680,3750,7830,14100,4649,30329,85,1320,2025-07-31T06:30:01+00:00,2025-07-31T14:55:30+00:00,"{""timing"":13,""latency"":81,""rem_sleep"":97,""deep_sleep"":67,""efficiency"":79,""restfulness"":58,""total_sleep"":82}",2026-04-18T21:19:47.596476+00:00
2025-08-01,75,21990,3300,5040,13650,4294,26284,84,1440,2025-08-01T07:05:00+00:00,2025-08-01T14:23:04+00:00,"{""timing"":61,""latency"":75,""rem_sleep"":83,""deep_sleep"":60,""efficiency"":65,""restfulness"":67,""total_sleep"":84}",2026-04-18T21:19:47.596476+00:00
2025-08-02,78,27420,4260,6780,16380,4257,31677,87,1320,2025-08-02T06:14:58+00:00,2025-08-02T15:02:55+00:00,"{""timing"":79,""latency"":81,""rem_sleep"":90,""deep_sleep"":66,""efficiency"":88,""restfulness"":66,""total_sleep"":78}",2026-04-18T21:19:47.596476+00:00
2025-08-03,68,25110,4230,5040,15840,6319,31429,80,1320,2025-08-03T06:46:01+00:00,2025-08-03T15:29:50+00:00,"{""timing"":71,""latency"":81,""rem_sleep"":67,""deep_sleep"":66,""efficiency"":72,""restfulness"":54,""total_sleep"":70}",2026-04-18T21:19:47.596476+00:00
2025-08-04,79,28140,3540,7140,17460,6639,34779,81,1530,2025-08-04T07:00:00+00:00,2025-08-04T16:39:39+00:00,"{""timing"":56,""latency"":70,""rem_sleep"":100,""deep_sleep"":81,""efficiency"":60,""restfulness"":45,""total_sleep"":100}",2026-04-18T21:19:47.596476+00:00
2025-08-05,67,24000,3030,6300,14670,5753,29753,81,750,2025-08-05T07:15:57+00:00,2025-08-05T15:31:50+00:00,"{""timing"":61,""latency"":91,""rem_sleep"":84,""deep_sleep"":47,""efficiency"":74,""restfulness"":59,""total_sleep"":65}",2026-04-18T21:19:47.596476+00:00
2025-08-06,77,27840,4110,6780,16950,4275,32115,87,1110,2025-08-06T06:28:01+00:00,2025-08-06T15:23:16+00:00,"{""timing"":72,""latency"":89,""rem_sleep"":90,""deep_sleep"":64,""efficiency"":88,""restfulness"":58,""total_sleep"":80}",2026-04-18T21:19:47.596476+00:00
2025-08-07,73,24180,4050,6150,13980,4510,28690,84,1380,2025-08-07T06:31:26+00:00,2025-08-07T14:29:36+00:00,"{""timing"":83,""latency"":78,""rem_sleep"":82,""deep_sleep"":63,""efficiency"":81,""restfulness"":75,""total_sleep"":66}",2026-04-18T21:19:47.596476+00:00
2025-08-08,78,26430,3660,7620,15150,3751,30181,88,1590,2025-08-08T05:31:26+00:00,2025-08-08T13:54:27+00:00,"{""timing"":100,""latency"":67,""rem_sleep"":96,""deep_sleep"":57,""efficiency"":90,""restfulness"":72,""total_sleep"":75}",2026-04-18T21:19:47.596476+00:00
2025-08-09,77,31740,5130,6810,19800,10304,42044,75,1590,2025-08-09T06:05:30+00:00,2025-08-09T17:46:14+00:00,"{""timing"":55,""latency"":67,""rem_sleep"":91,""deep_sleep"":81,""efficiency"":60,""restfulness"":56,""total_sleep"":95}",2026-04-18T21:19:47.596476+00:00
2025-08-10,75,26340,4140,6900,15300,7347,33687,78,1230,2025-08-10T05:51:30+00:00,2025-08-10T15:12:57+00:00,"{""timing"":91,""latency"":83,""rem_sleep"":92,""deep_sleep"":64,""efficiency"":67,""restfulness"":61,""total_sleep"":74}",2026-04-18T21:19:47.596476+00:00
2025-08-11,83,28740,2670,5250,20820,3354,32094,90,480,2025-08-11T06:32:27+00:00,2025-08-11T15:27:21+00:00,"{""timing"":77,""latency"":81,""rem_sleep"":84,""deep_sleep"":44,""efficiency"":90,""restfulness"":68,""total_sleep"":100}",2026-04-18T21:19:47.596476+00:00
2025-08-12,61,24720,2010,4710,18000,7621,32341,76,990,2025-08-12T07:16:26+00:00,2025-08-12T16:15:27+00:00,"{""timing"":59,""latency"":94,""rem_sleep"":62,""deep_sleep"":31,""efficiency"":62,""restfulness"":42,""total_sleep"":68}",2026-04-18T21:19:47.596476+00:00
2025-08-13,84,30990,4260,7350,19380,4641,35631,87,1440,2025-08-13T05:30:00+00:00,2025-08-13T15:23:51+00:00,"{""timing"":85,""latency"":75,""rem_sleep"":96,""deep_sleep"":66,""efficiency"":88,""restfulness"":70,""total_sleep"":92}",2026-04-18T21:19:47.596476+00:00
2025-08-14,72,26910,5250,6810,14850,6672,33582,80,1710,2025-08-14T06:57:00+00:00,2025-08-14T16:16:42+00:00,"{""timing"":54,""latency"":62,""rem_sleep"":91,""deep_sleep"":83,""efficiency"":72,""restfulness"":61,""total_sleep"":77}",2026-04-18T21:19:47.596476+00:00
2025-08-15,73,27900,3690,8070,16140,4153,32053,87,1800,2025-08-15T07:07:59+00:00,2025-08-15T16:02:12+00:00,"{""timing"":49,""latency"":59,""rem_sleep"":98,""deep_sleep"":58,""efficiency"":88,""restfulness"":63,""total_sleep"":80}",2026-04-18T21:19:47.596476+00:00
2025-08-16,76,26160,6090,6330,13740,4200,30360,86,1350,2025-08-16T07:22:28+00:00,2025-08-16T15:48:28+00:00,"{""timing"":52,""latency"":78,""rem_sleep"":84,""deep_sleep"":95,""efficiency"":86,""restfulness"":71,""total_sleep"":74}",2026-04-18T21:19:47.596476+00:00
2025-08-17,70,27990,3360,8220,16410,7086,35076,80,2040,2025-08-17T05:58:57+00:00,2025-08-17T15:43:33+00:00,"{""timing"":67,""latency"":48,""rem_sleep"":98,""deep_sleep"":52,""efficiency"":72,""restfulness"":55,""total_sleep"":81}",2026-04-18T21:19:47.596476+00:00
2025-08-18,79,26280,3900,5820,16560,6379,32659,80,1860,2025-08-18T07:08:57+00:00,2025-08-18T16:13:16+00:00,"{""timing"":40,""latency"":56,""rem_sleep"":83,""deep_sleep"":88,""efficiency"":65,""restfulness"":74,""total_sleep"":97}",2026-04-18T21:19:47.596476+00:00
2025-08-19,82,28650,3270,5220,20160,14413,43063,67,1200,2025-08-19T04:39:29+00:00,2025-08-19T16:37:12+00:00,"{""timing"":91,""latency"":86,""rem_sleep"":80,""deep_sleep"":93,""efficiency"":41,""restfulness"":47,""total_sleep"":100}",2026-04-18T21:19:47.596476+00:00
2025-08-20,60,22050,2340,4800,14910,7693,29743,74,930,2025-08-20T06:56:57+00:00,2025-08-20T15:12:40+00:00,"{""timing"":73,""latency"":97,""rem_sleep"":63,""deep_sleep"":36,""efficiency"":58,""restfulness"":48,""total_sleep"":58}",2026-04-18T21:19:47.596476+00:00
2025-08-21,79,27030,3780,6900,16350,2348,29378,92,1020,2025-08-21T04:24:31+00:00,2025-08-21T12:34:09+00:00,"{""timing"":85,""latency"":94,""rem_sleep"":92,""deep_sleep"":59,""efficiency"":97,""restfulness"":65,""total_sleep"":77}",2026-04-18T21:19:47.596476+00:00
2025-08-22,73,23190,4950,6300,11940,4386,27576,84,900,2025-08-22T05:52:31+00:00,2025-08-22T13:32:07+00:00,"{""timing"":52,""latency"":99,""rem_sleep"":84,""deep_sleep"":78,""efficiency"":81,""restfulness"":80,""total_sleep"":62}",2026-04-18T21:19:47.596476+00:00
2025-08-23,59,18780,3090,3690,12000,3361,22141,85,1260,2025-08-23T06:03:57+00:00,2025-08-23T12:12:58+00:00,"{""timing"":67,""latency"":83,""rem_sleep"":49,""deep_sleep"":48,""efficiency"":83,""restfulness"":69,""total_sleep"":45}",2026-04-18T21:19:47.596476+00:00
2025-08-24,63,18480,3000,4860,10620,2950,21430,86,780,2025-08-24T07:33:30+00:00,2025-08-24T13:30:40+00:00,"{""timing"":22,""latency"":94,""rem_sleep"":65,""deep_sleep"":59,""efficiency"":79,""restfulness"":80,""total_sleep"":53}",2026-04-18T21:19:47.596476+00:00
2025-08-25,73,25530,4110,5190,16230,3419,28949,88,1770,2025-08-25T03:39:58+00:00,2025-08-25T11:42:27+00:00,"{""timing"":100,""latency"":59,""rem_sleep"":69,""deep_sleep"":64,""efficiency"":90,""restfulness"":63,""total_sleep"":71}",2026-04-18T21:19:47.596476+00:00
2025-08-26,76,25290,4770,4740,15780,2353,27643,91,570,2025-08-26T04:31:56+00:00,2025-08-26T12:12:39+00:00,"{""timing"":89,""latency"":83,""rem_sleep"":62,""deep_sleep"":75,""efficiency"":96,""restfulness"":71,""total_sleep"":70}",2026-04-18T21:19:47.596476+00:00
2025-08-27,65,22080,3990,7770,10320,3879,25959,85,1380,2025-08-27T06:28:28+00:00,2025-08-27T13:41:07+00:00,"{""timing"":38,""latency"":78,""rem_sleep"":97,""deep_sleep"":62,""efficiency"":83,""restfulness"":59,""total_sleep"":58}",2026-04-18T21:19:47.596476+00:00
2025-08-28,88,34290,4350,8910,21030,10882,45172,76,960,2025-08-28T02:17:00+00:00,2025-08-28T14:49:52+00:00,"{""timing"":100,""latency"":97,""rem_sleep"":100,""deep_sleep"":68,""efficiency"":62,""restfulness"":68,""total_sleep"":100}",2026-04-18T21:19:47.596476+00:00
2025-08-29,72,22890,3420,6000,13470,2635,25525,90,390,2025-08-29T04:49:00+00:00,2025-08-29T11:54:25+00:00,"{""timing"":94,""latency"":75,""rem_sleep"":80,""deep_sleep"":53,""efficiency"":95,""restfulness"":75,""total_sleep"":61}",2026-04-18T21:19:47.596476+00:00
2025-08-30,81,24210,3960,6750,13500,3023,27233,89,840,2025-08-30T05:46:26+00:00,2025-08-30T13:20:19+00:00,"{""timing"":50,""latency"":97,""rem_sleep"":90,""deep_sleep"":75,""efficiency"":83,""restfulness"":82,""total_sleep"":82}",2026-04-18T21:19:47.596476+00:00
2025-08-31,80,25110,4440,4800,15870,5423,30533,82,450,2025-08-31T05:42:31+00:00,2025-08-31T14:11:24+00:00,"{""timing"":61,""latency"":78,""rem_sleep"":67,""deep_sleep"":81,""efficiency"":69,""restfulness"":76,""total_sleep"":91}",2026-04-18T21:19:47.596476+00:00
2025-09-01,66,22260,4740,3840,13680,4488,26748,83,690,2025-09-01T05:44:01+00:00,2025-09-01T13:09:49+00:00,"{""timing"":55,""latency"":89,""rem_sleep"":50,""deep_sleep"":74,""efficiency"":79,""restfulness"":72,""total_sleep"":59}",2026-04-18T21:19:47.596476+00:00
2025-09-02,69,24360,4290,3540,16530,1842,26202,93,420,2025-09-02T05:37:59+00:00,2025-09-02T12:54:41+00:00,"{""timing"":62,""latency"":78,""rem_sleep"":46,""deep_sleep"":67,""efficiency"":98,""restfulness"":69,""total_sleep"":67}",2026-04-18T21:19:47.596476+00:00
2025-09-03,72,23910,3330,7380,13200,3615,27525,87,1590,2025-09-03T04:34:30+00:00,2025-09-03T12:13:15+00:00,"{""timing"":85,""latency"":67,""rem_sleep"":96,""deep_sleep"":52,""efficiency"":88,""restfulness"":69,""total_sleep"":65}",2026-04-18T21:19:47.596476+00:00
2025-09-04,75,25650,5640,6630,13380,3262,28912,89,930,2025-09-04T06:03:00+00:00,2025-09-04T14:04:52+00:00,"{""timing"":40,""latency"":97,""rem_sleep"":88,""deep_sleep"":88,""efficiency"":93,""restfulness"":60,""total_sleep"":72}",2026-04-18T21:19:47.596476+00:00
2025-09-05,73,26670,5040,4980,16650,3278,29948,89,1410,2025-09-05T04:40:58+00:00,2025-09-05T13:00:06+00:00,"{""timing"":69,""latency"":75,""rem_sleep"":66,""deep_sleep"":79,""efficiency"":93,""restfulness"":56,""total_sleep"":76}",2026-04-18T21:19:47.596476+00:00
2025-09-06,74,17880,3270,3360,11250,3360,21240,84,960,2025-09-06T07:14:27+00:00,2025-09-06T13:08:27+00:00,"{""timing"":53,""latency"":97,""rem_sleep"":69,""deep_sleep"":83,""efficiency"":74,""restfulness"":65,""total_sleep"":73}",2026-04-18T21:19:47.596476+00:00
2025-09-07,63,21960,3570,5910,12480,3206,25166,87,1650,2025-09-07T06:34:59+00:00,2025-09-07T13:34:25+00:00,"{""timing"":36,""latency"":64,""rem_sleep"":79,""deep_sleep"":56,""efficiency"":88,""restfulness"":72,""total_sleep"":58}",2026-04-18T21:19:47.596476+00:00
2025-09-08,78,25710,4170,6540,15000,3723,29433,87,780,2025-09-08T04:26:02+00:00,2025-09-08T12:36:35+00:00,"{""timing"":79,""latency"":94,""rem_sleep"":87,""deep_sleep"":65,""efficiency"":88,""restfulness"":78,""total_sleep"":72}",2026-04-18T21:19:47.596476+00:00
2025-09-09,80,20670,3480,5700,11490,3871,24541,84,510,2025-09-09T06:31:29+00:00,2025-09-09T13:20:30+00:00,"{""timing"":60,""latency"":81,""rem_sleep"":95,""deep_sleep"":90,""efficiency"":79,""restfulness"":80,""total_sleep"":76}",2026-04-18T21:19:47.596476+00:00
2025-09-10,61,23550,3870,5820,13860,8438,31988,74,810,2025-09-10T06:25:29+00:00,2025-09-10T15:18:37+00:00,"{""timing"":33,""latency"":94,""rem_sleep"":77,""deep_sleep"":60,""efficiency"":58,""restfulness"":45,""total_sleep"":64}",2026-04-18T21:19:47.596476+00:00
2025-09-11,83,30000,4560,6810,18630,2409,32409,93,720,2025-09-11T04:46:27+00:00,2025-09-11T13:46:36+00:00,"{""timing"":61,""latency"":91,""rem_sleep"":91,""deep_sleep"":71,""efficiency"":98,""restfulness"":70,""total_sleep"":88}",2026-04-18T21:19:47.596476+00:00
2025-09-12,67,22590,3660,6450,12480,3508,26098,87,1200,2025-09-12T06:29:32+00:00,2025-09-12T13:44:30+00:00,"{""timing"":35,""latency"":86,""rem_sleep"":86,""deep_sleep"":57,""efficiency"":88,""restfulness"":69,""total_sleep"":60}",2026-04-18T21:19:47.596476+00:00
2025-09-13,64,25320,5820,4380,15120,8465,33785,75,510,2025-09-13T08:42:59+00:00,2025-09-13T18:06:04+00:00,"{""timing"":1,""latency"":81,""rem_sleep"":58,""deep_sleep"":91,""efficiency"":60,""restfulness"":71,""total_sleep"":70}",2026-04-18T21:19:47.596476+00:00
2025-09-14,62,23550,3630,4260,15660,3066,26616,88,1380,2025-09-14T07:07:30+00:00,2025-09-14T14:31:06+00:00,"{""timing"":19,""latency"":78,""rem_sleep"":56,""deep_sleep"":57,""efficiency"":90,""restfulness"":64,""total_sleep"":64}",2026-04-18T21:19:47.596476+00:00
2025-09-15,73,26460,2400,6690,17370,2024,28484,93,870,2025-09-15T05:52:02+00:00,2025-09-15T13:46:46+00:00,"{""timing"":42,""latency"":97,""rem_sleep"":89,""deep_sleep"":37,""efficiency"":98,""restfulness"":69,""total_sleep"":75}",2026-04-18T21:19:47.596476+00:00
2025-09-16,61,20580,3900,4140,12540,2700,23280,88,180,2025-09-16T07:24:02+00:00,2025-09-16T13:52:02+00:00,"{""timing"":27,""latency"":67,""rem_sleep"":54,""deep_sleep"":60,""efficiency"":90,""restfulness"":85,""total_sleep"":52}",2026-04-18T21:19:47.596476+00:00
2025-09-17,66,21300,4710,5340,11250,2015,23315,91,810,2025-09-17T06:45:36+00:00,2025-09-17T13:14:11+00:00,"{""timing"":38,""latency"":94,""rem_sleep"":71,""deep_sleep"":74,""efficiency"":96,""restfulness"":66,""total_sleep"":55}",2026-04-18T21:19:47.596476+00:00
2025-09-18,64,22530,5400,5160,11970,3638,26168,86,1140,2025-09-18T07:11:58+00:00,2025-09-18T14:28:06+00:00,"{""timing"":21,""latency"":89,""rem_sleep"":68,""deep_sleep"":84,""efficiency"":86,""restfulness"":57,""total_sleep"":60}",2026-04-18T21:19:47.596476+00:00
2025-09-19,72,27000,2520,5910,18570,3838,30838,88,690,2025-09-19T05:07:01+00:00,2025-09-19T13:40:59+00:00,"{""timing"":58,""latency"":89,""rem_sleep"":79,""deep_sleep"":38,""efficiency"":90,""restfulness"":68,""total_sleep"":77}",2026-04-18T21:19:47.596476+00:00
2025-09-20,50,18330,2280,5580,10470,13105,31435,58,420,2025-09-20T08:16:57+00:00,2025-09-20T17:00:52+00:00,"{""timing"":8,""latency"":78,""rem_sleep"":74,""deep_sleep"":43,""efficiency"":25,""restfulness"":48,""total_sleep"":57}",2026-04-18T21:19:47.596476+00:00
2025-09-21,66,22140,2520,5160,14460,4744,26884,82,810,2025-09-21T07:20:56+00:00,2025-09-21T14:49:00+00:00,"{""timing"":18,""latency"":94,""rem_sleep"":86,""deep_sleep"":55,""efficiency"":74,""restfulness"":45,""total_sleep"":74}",2026-04-18T21:19:47.596476+00:00
2025-09-22,63,21750,4140,4830,12780,2836,24586,88,540,2025-09-22T07:43:29+00:00,2025-09-22T14:33:15+00:00,"{""timing"":18,""latency"":83,""rem_sleep"":64,""deep_sleep"":64,""efficiency"":90,""restfulness"":71,""total_sleep"":57}",2026-04-18T21:19:47.596476+00:00
2025-09-23,69,26640,4710,6390,15540,6397,33037,81,240,2025-09-23T05:05:27+00:00,2025-09-23T14:16:04+00:00,"{""timing"":58,""latency"":70,""rem_sleep"":85,""deep_sleep"":74,""efficiency"":74,""restfulness"":41,""total_sleep"":75}",2026-04-18T21:19:47.596476+00:00
2025-09-24,58,22020,3660,5640,12720,4699,26719,82,1710,2025-09-24T07:05:59+00:00,2025-09-24T14:31:18+00:00,"{""timing"":21,""latency"":62,""rem_sleep"":75,""deep_sleep"":57,""efficiency"":76,""restfulness"":58,""total_sleep"":58}",2026-04-18T21:19:47.596476+00:00
2025-09-25,68,21930,2340,5730,13860,3716,25646,86,780,2025-09-25T06:22:00+00:00,2025-09-25T13:29:26+00:00,"{""timing"":37,""latency"":94,""rem_sleep"":78,""deep_sleep"":45,""efficiency"":83,""restfulness"":69,""total_sleep"":68}",2026-04-18T21:19:47.596476+00:00
2025-09-26,72,24600,5070,6150,13380,2735,27335,90,510,2025-09-26T05:58:27+00:00,2025-09-26T13:34:02+00:00,"{""timing"":47,""latency"":81,""rem_sleep"":82,""deep_sleep"":80,""efficiency"":95,""restfulness"":68,""total_sleep"":68}",2026-04-18T21:19:47.596476+00:00
2025-09-27,57,22350,3120,3900,15330,2889,25239,89,240,2025-09-27T07:06:30+00:00,2025-09-27T14:07:09+00:00,"{""timing"":23,""latency"":70,""rem_sleep"":51,""deep_sleep"":48,""efficiency"":93,""restfulness"":55,""total_sleep"":59}",2026-04-18T21:19:47.596476+00:00
2025-09-29,73,22980,3540,4560,14880,7103,30083,76,720,2025-09-29T07:26:26+00:00,2025-09-29T15:47:49+00:00,"{""timing"":18,""latency"":91,""rem_sleep"":88,""deep_sleep"":94,""efficiency"":53,""restfulness"":52,""total_sleep"":87}",2026-04-18T21:19:47.596476+00:00
2025-09-30,76,26220,5760,6240,14220,2877,29097,90,480,2025-09-30T05:45:30+00:00,2025-09-30T13:50:27+00:00,"{""timing"":48,""latency"":81,""rem_sleep"":83,""deep_sleep"":90,""efficiency"":95,""restfulness"":66,""total_sleep"":74}",2026-04-18T21:19:47.596476+00:00
2025-10-01,67,24990,3690,7590,13710,6316,31306,80,1140,2025-10-01T05:36:26+00:00,2025-10-01T14:18:12+00:00,"{""timing"":48,""latency"":89,""rem_sleep"":96,""deep_sleep"":58,""efficiency"":72,""restfulness"":45,""total_sleep"":69}",2026-04-18T21:19:47.596476+00:00
2025-10-02,79,21840,4470,5940,11430,4423,26263,83,510,2025-10-02T05:24:00+00:00,2025-10-02T12:41:43+00:00,"{""timing"":73,""latency"":81,""rem_sleep"":95,""deep_sleep"":96,""efficiency"":62,""restfulness"":64,""total_sleep"":80}",2026-04-18T21:19:47.596476+00:00
2025-10-03,63,21690,3840,5970,11880,3930,25620,85,660,2025-10-03T07:00:57+00:00,2025-10-03T14:07:57+00:00,"{""timing"":27,""latency"":89,""rem_sleep"":80,""deep_sleep"":60,""efficiency"":83,""restfulness"":58,""total_sleep"":57}",2026-04-18T21:19:47.596476+00:00
2025-10-04,72,24630,2850,4890,16890,6163,30793,80,660,2025-10-04T05:19:57+00:00,2025-10-04T13:53:10+00:00,"{""timing"":58,""latency"":89,""rem_sleep"":74,""deep_sleep"":75,""efficiency"":67,""restfulness"":49,""total_sleep"":81}",2026-04-18T21:19:47.596476+00:00
2025-10-05,60,21180,2670,4170,14340,2656,23836,89,990,2025-10-05T06:35:29+00:00,2025-10-05T13:12:45+00:00,"{""timing"":40,""latency"":94,""rem_sleep"":55,""deep_sleep"":41,""efficiency"":93,""restfulness"":53,""total_sleep"":55}",2026-04-18T21:19:47.596476+00:00
2025-10-06,77,26850,3600,7200,16050,3396,30246,89,870,2025-10-06T05:09:58+00:00,2025-10-06T13:34:04+00:00,"{""timing"":58,""latency"":97,""rem_sleep"":95,""deep_sleep"":56,""efficiency"":93,""restfulness"":69,""total_sleep"":76}",2026-04-18T21:19:47.596476+00:00
2025-10-07,80,24810,3090,6090,15630,5385,30195,82,540,2025-10-07T05:05:57+00:00,2025-10-07T13:29:12+00:00,"{""timing"":62,""latency"":83,""rem_sleep"":91,""deep_sleep"":72,""efficiency"":74,""restfulness"":73,""total_sleep"":85}",2026-04-18T21:19:47.596476+00:00
2025-10-08,68,28140,4410,6630,17100,7976,36116,78,510,2025-10-08T06:25:28+00:00,2025-10-08T16:27:24+00:00,"{""timing"":17,""latency"":81,""rem_sleep"":88,""deep_sleep"":69,""efficiency"":67,""restfulness"":52,""total_sleep"":81}",2026-04-18T21:19:47.596476+00:00
2025-10-09,70,23340,4560,6450,12330,5498,28838,81,630,2025-10-09T04:50:57+00:00,2025-10-09T12:51:35+00:00,"{""timing"":81,""latency"":86,""rem_sleep"":86,""deep_sleep"":71,""efficiency"":74,""restfulness"":57,""total_sleep"":63}",2026-04-18T21:19:47.596476+00:00
2025-10-10,69,25080,3090,6870,15120,6729,31809,79,540,2025-10-10T05:51:29+00:00,2025-10-10T14:41:38+00:00,"{""timing"":39,""latency"":83,""rem_sleep"":95,""deep_sleep"":54,""efficiency"":65,""restfulness"":48,""total_sleep"":80}",2026-04-18T21:19:47.596476+00:00
2025-10-11,63,21990,3240,5850,12900,2959,24949,88,1200,2025-10-11T06:33:29+00:00,2025-10-11T13:29:18+00:00,"{""timing"":33,""latency"":86,""rem_sleep"":78,""deep_sleep"":50,""efficiency"":90,""restfulness"":57,""total_sleep"":58}",2026-04-18T21:19:47.596476+00:00
2025-10-12,77,26280,5370,6300,14610,3203,29483,89,990,2025-10-12T05:01:29+00:00,2025-10-12T13:12:52+00:00,"{""timing"":66,""latency"":94,""rem_sleep"":84,""deep_sleep"":84,""efficiency"":93,""restfulness"":63,""total_sleep"":74}",2026-04-18T21:19:47.596476+00:00
2025-10-13,70,23850,3450,7170,13230,2319,26169,91,480,2025-10-13T06:12:28+00:00,2025-10-13T13:28:37+00:00,"{""timing"":46,""latency"":81,""rem_sleep"":95,""deep_sleep"":54,""efficiency"":96,""restfulness"":65,""total_sleep"":65}",2026-04-18T21:19:47.596476+00:00
2025-10-14,67,21570,3000,6450,12120,2833,24403,88,780,2025-10-14T05:36:32+00:00,2025-10-14T12:23:15+00:00,"{""timing"":68,""latency"":94,""rem_sleep"":86,""deep_sleep"":46,""efficiency"":90,""restfulness"":58,""total_sleep"":56}",2026-04-18T21:19:47.596476+00:00
2025-10-15,56,21870,2970,5790,13110,6192,28062,78,2430,2025-10-15T05:34:30+00:00,2025-10-15T13:22:12+00:00,"{""timing"":50,""latency"":29,""rem_sleep"":77,""deep_sleep"":46,""efficiency"":67,""restfulness"":61,""total_sleep"":57}",2026-04-18T21:19:47.596476+00:00
2025-10-16,69,22740,4800,4920,13020,3960,26700,85,540,2025-10-16T05:22:28+00:00,2025-10-16T12:47:28+00:00,"{""timing"":72,""latency"":83,""rem_sleep"":65,""deep_sleep"":75,""efficiency"":83,""restfulness"":68,""total_sleep"":61}",2026-04-18T21:19:47.596476+00:00
2025-10-17,76,24180,4050,5760,14370,2697,26877,90,810,2025-10-17T04:08:27+00:00,2025-10-17T11:36:24+00:00,"{""timing"":100,""latency"":94,""rem_sleep"":76,""deep_sleep"":63,""efficiency"":95,""restfulness"":69,""total_sleep"":66}",2026-04-18T21:19:47.596476+00:00
2025-10-18,76,26490,4890,5940,15660,4862,31352,84,720,2025-10-18T06:12:58+00:00,2025-10-18T14:55:30+00:00,"{""timing"":83,""latency"":91,""rem_sleep"":79,""deep_sleep"":77,""efficiency"":81,""restfulness"":60,""total_sleep"":75}",2026-04-18T21:19:47.596476+00:00
2025-10-19,66,21780,4050,6420,11310,3299,25079,87,720,2025-10-19T08:07:55+00:00,2025-10-19T15:05:54+00:00,"{""timing"":54,""latency"":91,""rem_sleep"":85,""deep_sleep"":63,""efficiency"":88,""restfulness"":56,""total_sleep"":57}",2026-04-18T21:19:47.596476+00:00
2025-10-20,60,19230,3360,4500,11370,1835,21065,91,450,2025-10-20T07:18:25+00:00,2025-10-20T13:09:30+00:00,"{""timing"":63,""latency"":78,""rem_sleep"":59,""deep_sleep"":52,""efficiency"":96,""restfulness"":58,""total_sleep"":47}",2026-04-18T21:19:47.596476+00:00
2025-10-21,72,23100,5130,6510,11460,2668,25768,90,300,2025-10-21T05:42:27+00:00,2025-10-21T12:51:55+00:00,"{""timing"":63,""latency"":72,""rem_sleep"":87,""deep_sleep"":81,""efficiency"":95,""restfulness"":70,""total_sleep"":62}",2026-04-18T21:19:47.596476+00:00
2025-10-22,76,28500,3270,8520,16710,5220,33720,85,1530,2025-10-22T04:13:59+00:00,2025-10-22T13:35:59+00:00,"{""timing"":71,""latency"":70,""rem_sleep"":99,""deep_sleep"":51,""efficiency"":83,""restfulness"":65,""total_sleep"":83}",2026-04-18T21:19:47.596476+00:00
2025-10-23,69,22620,3570,5520,13530,3186,25806,88,480,2025-10-23T05:00:56+00:00,2025-10-23T12:11:02+00:00,"{""timing"":77,""latency"":81,""rem_sleep"":73,""deep_sleep"":56,""efficiency"":90,""restfulness"":71,""total_sleep"":60}",2026-04-18T21:19:47.596476+00:00
2025-10-24,27,6720,1980,990,3750,4200,10920,62,780,2025-10-23T23:03:00+00:00,2025-10-24T02:05:00+00:00,"{""timing"":2,""latency"":94,""rem_sleep"":13,""deep_sleep"":30,""efficiency"":30,""restfulness"":36,""total_sleep"":13}",2026-04-18T21:19:47.596476+00:00
2025-10-25,73,24120,3750,6510,13860,4657,28777,84,480,2025-10-25T06:25:00+00:00,2025-10-25T14:24:37+00:00,"{""timing"":27,""latency"":81,""rem_sleep"":92,""deep_sleep"":76,""efficiency"":74,""restfulness"":58,""total_sleep"":83}",2026-04-18T21:19:47.596476+00:00
2025-10-26,76,20670,1950,5280,13440,2144,22814,91,780,2025-10-26T06:41:27+00:00,2025-10-26T13:01:41+00:00,"{""timing"":43,""latency"":94,""rem_sleep"":86,""deep_sleep"":55,""efficiency"":81,""restfulness"":78,""total_sleep"":80}",2026-04-18T21:19:47.596476+00:00
2025-10-27,73,20760,4110,4950,11700,2133,22893,91,420,2025-10-27T05:57:00+00:00,2025-10-27T12:18:33+00:00,"{""timing"":56,""latency"":78,""rem_sleep"":78,""deep_sleep"":85,""efficiency"":93,""restfulness"":69,""total_sleep"":68}",2026-04-18T21:19:47.596476+00:00
2025-10-28,61,20490,4320,5100,11070,2218,22708,90,450,2025-10-28T07:07:30+00:00,2025-10-28T13:25:58+00:00,"{""timing"":32,""latency"":78,""rem_sleep"":67,""deep_sleep"":67,""efficiency"":95,""restfulness"":60,""total_sleep"":52}",2026-04-18T21:19:47.596476+00:00
2025-10-29,71,23760,5820,6990,10950,5169,28929,82,1020,2025-10-29T06:18:26+00:00,2025-10-29T14:20:35+00:00,"{""timing"":37,""latency"":94,""rem_sleep"":93,""deep_sleep"":91,""efficiency"":76,""restfulness"":60,""total_sleep"":64}",2026-04-18T21:19:47.596476+00:00
2025-10-30,69,27570,3000,5970,18600,5061,32631,84,2220,2025-10-30T03:43:58+00:00,2025-10-30T12:47:49+00:00,"{""timing"":81,""latency"":40,""rem_sleep"":80,""deep_sleep"":46,""efficiency"":81,""restfulness"":58,""total_sleep"":79}",2026-04-18T21:19:47.596476+00:00
2025-10-31,68,18150,4140,4260,9750,8779,26929,67,1830,2025-10-31T07:34:27+00:00,2025-10-31T15:03:16+00:00,"{""timing"":48,""latency"":56,""rem_sleep"":85,""deep_sleep"":93,""efficiency"":48,""restfulness"":46,""total_sleep"":81}",2026-04-18T21:19:47.596476+00:00
2025-11-01,55,23430,3630,4410,15390,8590,32020,73,1410,2025-11-01T06:28:28+00:00,2025-11-01T15:22:08+00:00,"{""timing"":23,""latency"":75,""rem_sleep"":58,""deep_sleep"":57,""efficiency"":55,""restfulness"":39,""total_sleep"":63}",2026-04-18T21:19:47.596476+00:00
2025-11-02,72,22890,5310,5670,11910,6461,29351,78,870,2025-11-02T08:02:01+00:00,2025-11-02T16:11:12+00:00,"{""timing"":18,""latency"":97,""rem_sleep"":90,""deep_sleep"":96,""efficiency"":67,""restfulness"":53,""total_sleep"":79}",2026-04-18T21:19:47.596476+00:00
2025-11-03,68,24690,2940,8280,13470,3750,28440,87,2100,2025-11-03T06:08:58+00:00,2025-11-03T14:02:58+00:00,"{""timing"":58,""latency"":46,""rem_sleep"":98,""deep_sleep"":45,""efficiency"":88,""restfulness"":69,""total_sleep"":68}",2026-04-18T21:19:47.596476+00:00
2025-11-04,66,24360,4080,4080,16200,3480,27840,88,1260,2025-11-04T06:16:03+00:00,2025-11-04T14:00:03+00:00,"{""timing"":63,""latency"":83,""rem_sleep"":53,""deep_sleep"":63,""efficiency"":90,""restfulness"":52,""total_sleep"":67}",2026-04-18T21:19:47.596476+00:00
2025-11-05,63,22200,3540,5460,13200,3000,25200,88,1110,2025-11-05T07:36:01+00:00,2025-11-05T14:36:01+00:00,"{""timing"":33,""latency"":89,""rem_sleep"":72,""deep_sleep"":55,""efficiency"":90,""restfulness"":58,""total_sleep"":59}",2026-04-18T21:19:47.596476+00:00
2025-11-06,54,16440,3780,2940,9720,3985,20425,80,480,2025-11-06T07:30:29+00:00,2025-11-06T13:10:54+00:00,"{""timing"":62,""latency"":81,""rem_sleep"":38,""deep_sleep"":59,""efficiency"":72,""restfulness"":71,""total_sleep"":36}",2026-04-18T21:19:47.596476+00:00
2025-11-07,63,27420,4740,5520,17160,12364,39784,69,660,2025-11-07T06:47:27+00:00,2025-11-07T17:50:31+00:00,"{""timing"":24,""latency"":89,""rem_sleep"":73,""deep_sleep"":74,""efficiency"":46,""restfulness"":31,""total_sleep"":78}",2026-04-18T21:19:47.596476+00:00
2025-11-08,66,26190,4140,4980,17070,4170,30360,86,1050,2025-11-08T07:10:00+00:00,2025-11-08T15:36:00+00:00,"{""timing"":24,""latency"":91,""rem_sleep"":66,""deep_sleep"":64,""efficiency"":86,""restfulness"":48,""total_sleep"":74}",2026-04-18T21:19:47.596476+00:00
2025-11-09,65,24150,3810,5100,15240,4750,28900,84,1080,2025-11-09T07:30:30+00:00,2025-11-09T15:32:10+00:00,"{""timing"":23,""latency"":91,""rem_sleep"":67,""deep_sleep"":60,""efficiency"":81,""restfulness"":65,""total_sleep"":66}",2026-04-18T21:19:47.596476+00:00
2025-11-10,84,31320,3390,7950,19980,7962,39282,80,510,2025-11-10T03:40:29+00:00,2025-11-10T14:35:11+00:00,"{""timing"":99,""latency"":81,""rem_sleep"":97,""deep_sleep"":53,""efficiency"":72,""restfulness"":75,""total_sleep"":93}",2026-04-18T21:19:47.596476+00:00
2025-11-11,76,30240,2700,8070,19470,6959,37199,81,1290,2025-11-11T04:52:29+00:00,2025-11-11T15:12:28+00:00,"{""timing"":74,""latency"":81,""rem_sleep"":98,""deep_sleep"":41,""efficiency"":74,""restfulness"":56,""total_sleep"":89}",2026-04-18T21:19:47.596476+00:00
2025-11-12,64,25590,3660,6360,15570,7534,33124,77,1530,2025-11-12T06:20:27+00:00,2025-11-12T15:32:31+00:00,"{""timing"":50,""latency"":70,""rem_sleep"":84,""deep_sleep"":57,""efficiency"":65,""restfulness"":41,""total_sleep"":72}",2026-04-18T21:19:47.596476+00:00
2025-11-13,73,27030,3030,5820,18180,4803,31833,85,1590,2025-11-13T04:32:30+00:00,2025-11-13T13:23:03+00:00,"{""timing"":94,""latency"":67,""rem_sleep"":77,""deep_sleep"":47,""efficiency"":83,""restfulness"":61,""total_sleep"":77}",2026-04-18T21:19:47.596476+00:00
2025-11-14,51,19920,3180,4740,12000,5310,25230,79,1590,2025-11-14T08:28:59+00:00,2025-11-14T15:29:29+00:00,"{""timing"":20,""latency"":67,""rem_sleep"":62,""deep_sleep"":49,""efficiency"":69,""restfulness"":45,""total_sleep"":50}",2026-04-18T21:19:47.596476+00:00
2025-11-15,64,24240,2910,4740,16590,5554,29794,81,630,2025-11-15T06:25:27+00:00,2025-11-15T14:42:01+00:00,"{""timing"":51,""latency"":86,""rem_sleep"":62,""deep_sleep"":45,""efficiency"":74,""restfulness"":58,""total_sleep"":66}",2026-04-18T21:19:47.596476+00:00
2025-11-16,80,28950,3630,7350,17970,3905,32855,88,540,2025-11-16T05:21:56+00:00,2025-11-16T14:29:31+00:00,"{""timing"":73,""latency"":83,""rem_sleep"":96,""deep_sleep"":57,""efficiency"":90,""restfulness"":71,""total_sleep"":84}",2026-04-18T21:19:47.596476+00:00
2025-11-17,76,27360,3240,7680,16440,5898,33258,82,1020,2025-11-17T05:20:00+00:00,2025-11-17T14:34:18+00:00,"{""timing"":65,""latency"":94,""rem_sleep"":96,""deep_sleep"":50,""efficiency"":76,""restfulness"":70,""total_sleep"":78}",2026-04-18T21:19:47.596476+00:00
2025-11-18,68,22770,3810,6120,12840,3241,26011,88,1200,2025-11-18T07:03:28+00:00,2025-11-18T14:16:59+00:00,"{""timing"":47,""latency"":86,""rem_sleep"":81,""deep_sleep"":60,""efficiency"":90,""restfulness"":68,""total_sleep"":61}",2026-04-18T21:19:47.596476+00:00
2025-11-19,71,24720,5100,6540,13080,5430,30150,82,1200,2025-11-19T06:48:47+00:00,2025-11-19T15:11:17+00:00,"{""timing"":40,""latency"":86,""rem_sleep"":87,""deep_sleep"":80,""efficiency"":76,""restfulness"":71,""total_sleep"":68}",2026-04-18T21:19:47.596476+00:00
2025-11-20,70,21450,4740,4650,12060,2915,24365,88,900,2025-11-20T06:12:55+00:00,2025-11-20T12:59:00+00:00,"{""timing"":81,""latency"":99,""rem_sleep"":62,""deep_sleep"":74,""efficiency"":90,""restfulness"":66,""total_sleep"":56}",2026-04-18T21:19:47.596476+00:00
2025-11-21,75,25920,4770,5370,15780,2585,28505,91,1050,2025-11-21T05:38:29+00:00,2025-11-21T13:33:34+00:00,"{""timing"":49,""latency"":91,""rem_sleep"":71,""deep_sleep"":75,""efficiency"":96,""restfulness"":74,""total_sleep"":73}",2026-04-18T21:19:47.596476+00:00
2025-11-22,65,27480,4920,5400,17160,7383,34863,79,750,2025-11-22T07:29:28+00:00,2025-11-22T17:10:31+00:00,"{""timing"":8,""latency"":91,""rem_sleep"":71,""deep_sleep"":77,""efficiency"":69,""restfulness"":36,""total_sleep"":79}",2026-04-18T21:19:47.596476+00:00
2025-11-23,43,12240,2970,1500,7770,3386,15626,78,510,2025-11-23T06:50:01+00:00,2025-11-23T11:10:27+00:00,"{""timing"":74,""latency"":81,""rem_sleep"":19,""deep_sleep"":46,""efficiency"":67,""restfulness"":42,""total_sleep"":23}",2026-04-18T21:19:47.596476+00:00
2025-11-24,77,32010,1740,5730,24540,7648,39658,81,1020,2025-11-24T03:17:00+00:00,2025-11-24T14:17:58+00:00,"{""timing"":69,""latency"":94,""rem_sleep"":76,""deep_sleep"":26,""efficiency"":74,""restfulness"":66,""total_sleep"":96}",2026-04-18T21:19:47.596476+00:00
2025-11-25,70,23010,2970,5130,14910,8767,31777,72,510,2025-11-25T04:53:59+00:00,2025-11-25T13:43:36+00:00,"{""timing"":58,""latency"":81,""rem_sleep"":93,""deep_sleep"":59,""efficiency"":44,""restfulness"":43,""total_sleep"":85}",2026-04-18T21:19:47.596476+00:00
2025-11-26,74,26670,5880,7080,13710,5007,31677,84,1590,2025-11-26T05:26:57+00:00,2025-11-26T14:14:54+00:00,"{""timing"":43,""latency"":67,""rem_sleep"":94,""deep_sleep"":92,""efficiency"":81,""restfulness"":65,""total_sleep"":76}",2026-04-18T21:19:47.596476+00:00
2025-11-27,70,22920,5190,4230,13500,2560,25480,90,510,2025-11-27T05:57:31+00:00,2025-11-27T13:02:11+00:00,"{""timing"":57,""latency"":81,""rem_sleep"":56,""deep_sleep"":82,""efficiency"":95,""restfulness"":78,""total_sleep"":61}",2026-04-18T21:19:47.596476+00:00
2025-11-28,81,28770,4530,7440,16800,2544,31314,92,450,2025-11-28T04:50:32+00:00,2025-11-28T13:32:26+00:00,"{""timing"":64,""latency"":78,""rem_sleep"":96,""deep_sleep"":71,""efficiency"":97,""restfulness"":70,""total_sleep"":84}",2026-04-18T21:19:47.596476+00:00
2025-11-29,68,24300,2850,6780,14670,1878,26178,93,510,2025-11-29T05:51:01+00:00,2025-11-29T13:07:19+00:00,"{""timing"":54,""latency"":81,""rem_sleep"":90,""deep_sleep"":44,""efficiency"":98,""restfulness"":54,""total_sleep"":67}",2026-04-18T21:19:47.596476+00:00
2025-11-30,80,26970,3660,7200,16110,2702,29672,91,990,2025-11-30T04:54:59+00:00,2025-11-30T13:09:31+00:00,"{""timing"":68,""latency"":94,""rem_sleep"":95,""deep_sleep"":57,""efficiency"":96,""restfulness"":78,""total_sleep"":77}",2026-04-18T21:19:47.596476+00:00
2025-12-01,60,19800,4260,2430,13110,3344,23144,86,510,2025-12-01T07:13:30+00:00,2025-12-01T13:39:14+00:00,"{""timing"":62,""latency"":81,""rem_sleep"":32,""deep_sleep"":66,""efficiency"":86,""restfulness"":64,""total_sleep"":49}",2026-04-18T21:19:47.596476+00:00
2025-12-02,72,24630,3600,5880,15150,2669,27299,90,420,2025-12-02T06:03:57+00:00,2025-12-02T13:38:56+00:00,"{""timing"":74,""latency"":78,""rem_sleep"":78,""deep_sleep"":56,""efficiency"":95,""restfulness"":68,""total_sleep"":68}",2026-04-18T21:19:47.596476+00:00
2025-12-03,84,28470,4320,7170,16980,3498,31968,89,750,2025-12-03T05:26:03+00:00,2025-12-03T14:18:51+00:00,"{""timing"":68,""latency"":91,""rem_sleep"":96,""deep_sleep"":68,""efficiency"":88,""restfulness"":66,""total_sleep"":94}",2026-04-18T21:19:47.596476+00:00
2025-12-04,61,20940,3990,6240,10710,5684,26624,79,1110,2025-12-04T06:18:29+00:00,2025-12-04T13:42:13+00:00,"{""timing"":63,""latency"":89,""rem_sleep"":83,""deep_sleep"":62,""efficiency"":69,""restfulness"":36,""total_sleep"":54}",2026-04-18T21:19:47.596476+00:00
2025-12-05,62,20640,4110,5790,10740,3968,24608,84,870,2025-12-05T06:54:27+00:00,2025-12-05T13:44:35+00:00,"{""timing"":60,""latency"":97,""rem_sleep"":77,""deep_sleep"":64,""efficiency"":81,""restfulness"":37,""total_sleep"":53}",2026-04-18T21:19:47.596476+00:00
2025-12-06,71,22950,2640,5220,15090,7590,30540,75,690,2025-12-06T06:15:27+00:00,2025-12-06T14:44:27+00:00,"{""timing"":60,""latency"":89,""rem_sleep"":84,""deep_sleep"":63,""efficiency"":48,""restfulness"":42,""total_sleep"":84}",2026-04-18T21:19:47.596476+00:00
2025-12-07,77,23400,3480,4950,14970,4758,28158,83,720,2025-12-07T06:45:26+00:00,2025-12-07T14:34:44+00:00,"{""timing"":47,""latency"":91,""rem_sleep"":77,""deep_sleep"":79,""efficiency"":79,""restfulness"":74,""total_sleep"":81}",2026-04-18T21:19:47.596476+00:00
2025-12-08,68,22560,4440,5370,12750,3000,25560,88,720,2025-12-08T07:04:02+00:00,2025-12-08T14:10:02+00:00,"{""timing"":51,""latency"":91,""rem_sleep"":71,""deep_sleep"":69,""efficiency"":90,""restfulness"":68,""total_sleep"":60}",2026-04-18T21:19:47.596476+00:00
2025-12-09,78,24510,5310,8490,10710,4482,28992,85,510,2025-12-09T05:35:02+00:00,2025-12-09T13:38:14+00:00,"{""timing"":88,""latency"":81,""rem_sleep"":99,""deep_sleep"":83,""efficiency"":83,""restfulness"":76,""total_sleep"":67}",2026-04-18T21:19:47.596476+00:00
2025-12-10,73,24540,5670,6600,12270,4866,29406,83,900,2025-12-10T06:37:00+00:00,2025-12-10T14:47:06+00:00,"{""timing"":44,""latency"":99,""rem_sleep"":88,""deep_sleep"":89,""efficiency"":79,""restfulness"":65,""total_sleep"":67}",2026-04-18T21:19:47.596476+00:00
2025-12-11,66,19590,4950,3480,11160,2734,22324,88,540,2025-12-11T06:59:58+00:00,2025-12-11T13:12:02+00:00,"{""timing"":71,""latency"":83,""rem_sleep"":45,""deep_sleep"":78,""efficiency"":90,""restfulness"":78,""total_sleep"":49}",2026-04-18T21:19:47.596476+00:00
2025-12-12,81,31020,5580,9870,15570,2716,33736,92,450,2025-12-12T05:59:32+00:00,2025-12-12T15:21:48+00:00,"{""timing"":23,""latency"":78,""rem_sleep"":100,""deep_sleep"":87,""efficiency"":97,""restfulness"":70,""total_sleep"":92}",2026-04-18T21:19:47.596476+00:00
2025-12-13,73,21990,4260,5100,12630,2430,24420,90,330,2025-12-13T06:32:01+00:00,2025-12-13T13:19:01+00:00,"{""timing"":52,""latency"":72,""rem_sleep"":83,""deep_sleep"":78,""efficiency"":76,""restfulness"":52,""total_sleep"":82}",2026-04-18T21:19:47.596476+00:00
2025-12-14,68,23790,4110,5730,13950,2580,26370,90,750,2025-12-14T07:18:01+00:00,2025-12-14T14:37:31+00:00,"{""timing"":20,""latency"":91,""rem_sleep"":76,""deep_sleep"":64,""efficiency"":95,""restfulness"":74,""total_sleep"":65}",2026-04-18T21:19:47.596476+00:00
2025-12-15,80,28560,3030,6720,18810,5663,34223,83,840,2025-12-15T05:40:30+00:00,2025-12-15T15:10:53+00:00,"{""timing"":100,""latency"":97,""rem_sleep"":89,""deep_sleep"":47,""efficiency"":79,""restfulness"":64,""total_sleep"":83}",2026-04-18T21:19:47.596476+00:00
2025-12-16,85,27690,5280,9450,12960,8670,36360,76,930,2025-12-16T06:17:02+00:00,2025-12-16T16:23:02+00:00,"{""timing"":100,""latency"":97,""rem_sleep"":100,""deep_sleep"":90,""efficiency"":60,""restfulness"":59,""total_sleep"":88}",2026-04-18T21:19:47.596476+00:00
2025-12-17,57,21810,2940,6060,12810,7978,29788,73,660,2025-12-17T09:02:30+00:00,2025-12-17T17:18:58+00:00,"{""timing"":48,""latency"":89,""rem_sleep"":81,""deep_sleep"":46,""efficiency"":55,""restfulness"":34,""total_sleep"":58}",2026-04-18T21:19:47.596476+00:00
2025-12-18,83,30150,2760,8850,18540,2966,33116,91,1020,2025-12-18T06:59:00+00:00,2025-12-18T16:10:56+00:00,"{""timing"":83,""latency"":94,""rem_sleep"":100,""deep_sleep"":43,""efficiency"":96,""restfulness"":64,""total_sleep"":90}",2026-04-18T21:19:47.596476+00:00
2025-12-19,59,24810,1200,3990,19620,23719,48529,51,480,2025-12-19T05:04:59+00:00,2025-12-19T18:33:48+00:00,"{""timing"":73,""latency"":81,""rem_sleep"":64,""deep_sleep"":18,""efficiency"":17,""restfulness"":28,""total_sleep"":82}",2026-04-18T21:19:47.596476+00:00
2025-12-20,79,24480,2760,4650,17070,4620,29100,84,930,2025-12-20T06:11:58+00:00,2025-12-20T14:16:58+00:00,"{""timing"":90,""latency"":97,""rem_sleep"":74,""deep_sleep"":55,""efficiency"":74,""restfulness"":69,""total_sleep"":82}",2026-04-18T21:19:47.596476+00:00
2025-12-21,34,15330,2280,2340,10710,11190,26520,58,660,2025-12-21T00:13:28+00:00,2025-12-21T07:35:28+00:00,"{""timing"":1,""latency"":89,""rem_sleep"":31,""deep_sleep"":35,""efficiency"":23,""restfulness"":32,""total_sleep"":33}",2026-04-18T21:19:47.596476+00:00
2025-12-22,56,9390,3270,1260,4860,1731,11121,84,630,2025-12-21T13:25:58+00:00,2025-12-21T16:31:19+00:00,"{""timing"":63,""latency"":86,""rem_sleep"":47,""deep_sleep"":80,""efficiency"":65,""restfulness"":48,""total_sleep"":39}",2026-04-18T21:19:47.596476+00:00
2025-12-23,56,12870,4230,2580,6060,1399,14269,90,450,2025-12-22T14:24:30+00:00,2025-12-22T18:22:19+00:00,"{""timing"":100,""latency"":78,""rem_sleep"":34,""deep_sleep"":67,""efficiency"":95,""restfulness"":70,""total_sleep"":24}",2026-04-18T21:19:47.596476+00:00
2025-12-24,48,11040,2760,690,7590,2183,13223,83,1380,2025-12-23T14:47:31+00:00,2025-12-23T18:27:54+00:00,"{""timing"":100,""latency"":78,""rem_sleep"":9,""deep_sleep"":43,""efficiency"":79,""restfulness"":63,""total_sleep"":21}",2026-04-18T21:19:47.596476+00:00
2025-12-25,79,30930,4680,5700,20550,10530,41460,75,780,2025-12-24T09:40:29+00:00,2025-12-24T21:11:29+00:00,"{""timing"":100,""latency"":94,""rem_sleep"":76,""deep_sleep"":74,""efficiency"":60,""restfulness"":37,""total_sleep"":93}",2026-04-18T21:19:47.596476+00:00
2025-12-26,76,18210,1980,3930,12300,2850,21060,86,1230,2025-12-25T13:24:31+00:00,2025-12-25T19:15:31+00:00,"{""timing"":100,""latency"":83,""rem_sleep"":76,""deep_sleep"":78,""efficiency"":69,""restfulness"":70,""total_sleep"":70}",2026-04-18T21:19:47.596476+00:00
2025-12-27,69,17760,2730,4320,10710,4440,22200,80,1500,2025-12-26T14:45:29+00:00,2025-12-26T20:55:29+00:00,"{""timing"":90,""latency"":72,""rem_sleep"":69,""deep_sleep"":63,""efficiency"":72,""restfulness"":67,""total_sleep"":62}",2026-04-18T21:19:47.596476+00:00
2025-12-28,86,24930,3630,6720,14580,4414,29344,85,1350,2025-12-27T13:56:27+00:00,2025-12-27T22:05:31+00:00,"{""timing"":88,""latency"":78,""rem_sleep"":98,""deep_sleep"":87,""efficiency"":76,""restfulness"":61,""total_sleep"":98}",2026-04-18T21:19:47.596476+00:00
2025-12-29,88,15900,3660,3840,8400,2066,17966,89,990,2025-12-28T15:18:00+00:00,2025-12-28T20:17:26+00:00,"{""timing"":72,""latency"":94,""rem_sleep"":94,""deep_sleep"":98,""efficiency"":62,""restfulness"":68,""total_sleep"":100}",2026-04-18T21:19:47.596476+00:00
2025-12-30,77,25080,3990,4680,16410,2879,27959,90,630,2025-12-30T03:45:58+00:00,2025-12-30T11:31:57+00:00,"{""timing"":100,""latency"":86,""rem_sleep"":62,""deep_sleep"":63,""efficiency"":95,""restfulness"":77,""total_sleep"":70}",2026-04-18T21:19:47.596476+00:00
2025-12-31,63,19410,3570,3540,12300,5670,25080,77,750,2025-12-31T04:42:26+00:00,2025-12-31T11:40:26+00:00,"{""timing"":100,""latency"":91,""rem_sleep"":47,""deep_sleep"":57,""efficiency"":65,""restfulness"":66,""total_sleep"":48}",2026-04-18T21:19:47.596476+00:00
2026-01-01,84,34680,6000,9120,19560,3505,38185,91,1170,2026-01-01T07:11:28+00:00,2026-01-01T17:47:53+00:00,"{""timing"":12,""latency"":86,""rem_sleep"":100,""deep_sleep"":95,""efficiency"":96,""restfulness"":65,""total_sleep"":100}",2026-04-18T21:19:47.596476+00:00
2026-01-02,65,17190,3480,4770,8940,1392,18582,93,600,2026-01-02T05:38:27+00:00,2026-01-02T10:48:09+00:00,"{""timing"":100,""latency"":86,""rem_sleep"":64,""deep_sleep"":55,""efficiency"":98,""restfulness"":72,""total_sleep"":40}",2026-04-18T21:19:47.596476+00:00
2026-01-07,68,27330,2520,6570,18240,6663,33993,80,1920,2026-01-07T03:50:30+00:00,2026-01-07T13:17:03+00:00,"{""timing"":100,""latency"":54,""rem_sleep"":88,""deep_sleep"":39,""efficiency"":72,""restfulness"":35,""total_sleep"":79}",2026-04-18T21:19:47.596476+00:00
2026-01-08,69,24870,3330,5880,15660,4050,28920,86,630,2026-01-08T05:36:56+00:00,2026-01-08T13:38:56+00:00,"{""timing"":82,""latency"":86,""rem_sleep"":79,""deep_sleep"":53,""efficiency"":86,""restfulness"":43,""total_sleep"":69}",2026-04-18T21:19:47.596476+00:00
2026-01-09,71,24030,4500,5730,13800,4420,28450,84,570,2026-01-09T05:26:59+00:00,2026-01-09T13:21:09+00:00,"{""timing"":94,""latency"":83,""rem_sleep"":77,""deep_sleep"":71,""efficiency"":81,""restfulness"":49,""total_sleep"":66}",2026-04-18T21:19:47.596476+00:00
2026-01-10,76,26760,3900,6240,16620,4059,30819,87,540,2026-01-10T05:40:00+00:00,2026-01-10T14:13:39+00:00,"{""timing"":78,""latency"":83,""rem_sleep"":84,""deep_sleep"":61,""efficiency"":88,""restfulness"":61,""total_sleep"":77}",2026-04-18T21:19:47.596476+00:00
2026-01-11,66,22800,3270,6210,13320,4880,27680,82,1170,2026-01-11T06:23:59+00:00,2026-01-11T14:05:19+00:00,"{""timing"":64,""latency"":86,""rem_sleep"":84,""deep_sleep"":52,""efficiency"":76,""restfulness"":57,""total_sleep"":61}",2026-04-18T21:19:47.596476+00:00
2026-01-12,78,29190,5250,6030,17910,5615,34805,84,480,2026-01-12T05:07:27+00:00,2026-01-12T14:47:32+00:00,"{""timing"":73,""latency"":81,""rem_sleep"":81,""deep_sleep"":84,""efficiency"":81,""restfulness"":55,""total_sleep"":86}",2026-04-18T21:19:47.596476+00:00
2026-01-13,75,27960,4350,8610,15000,6840,34800,80,510,2026-01-13T05:05:33+00:00,2026-01-13T14:45:33+00:00,"{""timing"":84,""latency"":81,""rem_sleep"":99,""deep_sleep"":69,""efficiency"":72,""restfulness"":40,""total_sleep"":81}",2026-04-18T21:19:47.596476+00:00
2026-01-14,63,21900,3600,4020,14280,3300,25200,87,510,2026-01-14T06:32:00+00:00,2026-01-14T13:32:00+00:00,"{""timing"":72,""latency"":81,""rem_sleep"":53,""deep_sleep"":57,""efficiency"":88,""restfulness"":48,""total_sleep"":58}",2026-04-18T21:19:47.596476+00:00
2026-01-15,70,24690,5430,5460,13800,5508,30198,82,900,2026-01-15T07:07:59+00:00,2026-01-15T15:31:17+00:00,"{""timing"":37,""latency"":99,""rem_sleep"":73,""deep_sleep"":87,""efficiency"":76,""restfulness"":55,""total_sleep"":69}",2026-04-18T21:19:47.596476+00:00
2026-01-16,74,26190,3600,6600,15990,4012,30202,87,1290,2026-01-16T05:46:27+00:00,2026-01-16T14:09:49+00:00,"{""timing"":97,""latency"":81,""rem_sleep"":88,""deep_sleep"":57,""efficiency"":88,""restfulness"":47,""total_sleep"":74}",2026-04-18T21:19:47.596476+00:00
2026-01-17,80,27090,4470,6750,15870,2490,29580,92,1350,2026-01-17T05:21:59+00:00,2026-01-17T13:34:59+00:00,"{""timing"":81,""latency"":78,""rem_sleep"":91,""deep_sleep"":71,""efficiency"":97,""restfulness"":75,""total_sleep"":78}",2026-04-18T21:19:47.596476+00:00
2026-01-18,56,18990,1890,4740,12360,4313,23303,81,1530,2026-01-18T07:10:59+00:00,2026-01-18T13:39:22+00:00,"{""timing"":58,""latency"":70,""rem_sleep"":63,""deep_sleep"":29,""efficiency"":74,""restfulness"":68,""total_sleep"":47}",2026-04-18T21:19:47.596476+00:00
2026-01-21,74,21090,4440,4830,11820,3270,24360,87,930,2026-01-21T06:45:00+00:00,2026-01-21T13:31:00+00:00,"{""timing"":71,""latency"":97,""rem_sleep"":69,""deep_sleep"":80,""efficiency"":81,""restfulness"":68,""total_sleep"":66}",2026-04-18T21:19:47.596476+00:00
2026-01-22,63,21930,4500,5940,11490,3433,25363,86,480,2026-01-22T07:41:30+00:00,2026-01-22T14:44:13+00:00,"{""timing"":36,""latency"":81,""rem_sleep"":80,""deep_sleep"":71,""efficiency"":86,""restfulness"":48,""total_sleep"":58}",2026-04-18T21:19:47.596476+00:00
2026-01-23,70,24900,4230,4470,16200,4860,29760,84,480,2026-01-23T05:24:28+00:00,2026-01-23T13:40:28+00:00,"{""timing"":90,""latency"":81,""rem_sleep"":60,""deep_sleep"":67,""efficiency"":81,""restfulness"":53,""total_sleep"":69}",2026-04-18T21:19:47.596476+00:00
2026-01-24,62,21090,3840,5520,11730,6210,27300,77,720,2026-01-24T06:55:32+00:00,2026-01-24T14:30:32+00:00,"{""timing"":61,""latency"":91,""rem_sleep"":74,""deep_sleep"":60,""efficiency"":65,""restfulness"":52,""total_sleep"":55}",2026-04-18T21:19:47.596476+00:00
2026-01-25,70,25170,3120,6030,16020,4241,29411,86,1110,2026-01-25T06:00:01+00:00,2026-01-25T14:10:12+00:00,"{""timing"":65,""latency"":89,""rem_sleep"":81,""deep_sleep"":49,""efficiency"":86,""restfulness"":57,""total_sleep"":71}",2026-04-18T21:19:47.596476+00:00
2026-01-26,72,24210,4080,5850,14280,3510,27720,87,540,2026-01-26T06:11:02+00:00,2026-01-26T13:53:02+00:00,"{""timing"":68,""latency"":83,""rem_sleep"":79,""deep_sleep"":64,""efficiency"":88,""restfulness"":67,""total_sleep"":67}",2026-04-18T21:19:47.596476+00:00
2026-01-27,78,29340,3270,6060,20010,3259,32599,90,690,2026-01-27T05:38:31+00:00,2026-01-27T14:41:50+00:00,"{""timing"":63,""latency"":89,""rem_sleep"":81,""deep_sleep"":52,""efficiency"":95,""restfulness"":65,""total_sleep"":86}",2026-04-18T21:19:47.596476+00:00
2026-01-28,76,24690,4590,5640,14460,3103,27793,89,810,2026-01-28T05:59:33+00:00,2026-01-28T13:42:46+00:00,"{""timing"":72,""latency"":94,""rem_sleep"":75,""deep_sleep"":73,""efficiency"":93,""restfulness"":72,""total_sleep"":69}",2026-04-18T21:19:47.596476+00:00
2026-01-29,77,29280,4800,6360,18120,5312,34592,85,480,2026-01-29T05:44:32+00:00,2026-01-29T15:21:04+00:00,"{""timing"":63,""latency"":81,""rem_sleep"":85,""deep_sleep"":76,""efficiency"":83,""restfulness"":52,""total_sleep"":86}",2026-04-18T21:19:47.596476+00:00
2026-01-30,75,25770,5220,4830,15720,3263,29033,89,600,2026-01-30T06:27:32+00:00,2026-01-30T14:31:25+00:00,"{""timing"":57,""latency"":86,""rem_sleep"":65,""deep_sleep"":83,""efficiency"":93,""restfulness"":77,""total_sleep"":73}",2026-04-18T21:19:47.596476+00:00
2026-01-31,66,27540,3960,6840,16740,10347,37887,73,1170,2026-01-31T07:51:59+00:00,2026-01-31T18:23:26+00:00,"{""timing"":13,""latency"":86,""rem_sleep"":92,""deep_sleep"":62,""efficiency"":55,""restfulness"":45,""total_sleep"":80}",2026-04-18T21:19:47.596476+00:00
2026-02-01,87,26970,4200,6750,16020,4643,31613,85,630,2026-02-01T05:23:00+00:00,2026-02-01T14:09:53+00:00,"{""timing"":81,""latency"":86,""rem_sleep"":96,""deep_sleep"":83,""efficiency"":76,""restfulness"":72,""total_sleep"":95}",2026-04-18T21:19:47.596476+00:00
2026-02-02,75,27570,4500,5760,17310,6667,34237,81,450,2026-02-02T04:40:56+00:00,2026-02-02T14:11:33+00:00,"{""timing"":97,""latency"":78,""rem_sleep"":77,""deep_sleep"":71,""efficiency"":74,""restfulness"":50,""total_sleep"":80}",2026-04-18T21:19:47.596476+00:00
2026-02-03,60,27150,4770,5520,16860,18091,45241,60,1200,2026-02-03T05:18:58+00:00,2026-02-03T17:52:59+00:00,"{""timing"":43,""latency"":86,""rem_sleep"":74,""deep_sleep"":76,""efficiency"":25,""restfulness"":13,""total_sleep"":78}",2026-04-18T21:19:47.596476+00:00
2026-02-04,67,22440,3450,6330,12660,5880,28320,79,1110,2026-02-04T05:44:58+00:00,2026-02-04T13:36:58+00:00,"{""timing"":76,""latency"":89,""rem_sleep"":85,""deep_sleep"":55,""efficiency"":69,""restfulness"":57,""total_sleep"":60}",2026-04-18T21:19:47.596476+00:00
2026-02-05,83,30240,5700,5940,18600,8620,38860,78,660,2026-02-05T04:05:57+00:00,2026-02-05T14:53:37+00:00,"{""timing"":96,""latency"":89,""rem_sleep"":80,""deep_sleep"":91,""efficiency"":67,""restfulness"":60,""total_sleep"":90}",2026-04-18T21:19:47.596476+00:00
2026-02-06,86,29280,5730,6510,17040,2763,32043,91,480,2026-02-06T05:31:27+00:00,2026-02-06T14:25:30+00:00,"{""timing"":73,""latency"":81,""rem_sleep"":88,""deep_sleep"":92,""efficiency"":96,""restfulness"":88,""total_sleep"":86}",2026-04-18T21:19:47.596476+00:00
2026-02-07,81,28110,5250,6900,15960,4349,32459,87,450,2026-02-07T05:13:32+00:00,2026-02-07T14:14:31+00:00,"{""timing"":85,""latency"":78,""rem_sleep"":93,""deep_sleep"":84,""efficiency"":88,""restfulness"":65,""total_sleep"":82}",2026-04-18T21:19:47.596476+00:00
2026-02-08,77,22320,3480,5520,13320,4028,26348,85,1770,2026-02-08T05:26:57+00:00,2026-02-08T12:46:05+00:00,"{""timing"":81,""latency"":59,""rem_sleep"":84,""deep_sleep"":79,""efficiency"":79,""restfulness"":79,""total_sleep"":76}",2026-04-18T21:19:47.596476+00:00
2026-02-09,81,28740,4080,6240,18420,5601,34341,84,1020,2026-02-09T03:49:30+00:00,2026-02-09T13:21:51+00:00,"{""timing"":100,""latency"":94,""rem_sleep"":84,""deep_sleep"":64,""efficiency"":81,""restfulness"":63,""total_sleep"":84}",2026-04-18T21:19:47.596476+00:00
2026-02-10,77,26910,3720,6450,16740,9418,36328,74,540,2026-02-10T05:30:30+00:00,2026-02-10T15:35:58+00:00,"{""timing"":73,""latency"":83,""rem_sleep"":93,""deep_sleep"":63,""efficiency"":55,""restfulness"":55,""total_sleep"":89}",2026-04-18T21:19:47.596476+00:00
2026-02-11,67,21870,4350,5670,11850,6533,28403,77,1200,2026-02-11T05:20:02+00:00,2026-02-11T13:13:25+00:00,"{""timing"":88,""latency"":86,""rem_sleep"":76,""deep_sleep"":69,""efficiency"":65,""restfulness"":53,""total_sleep"":58}",2026-04-18T21:19:47.596476+00:00
2026-02-12,75,25380,3840,7080,14460,6613,31993,79,810,2026-02-12T05:17:32+00:00,2026-02-12T14:10:45+00:00,"{""timing"":88,""latency"":94,""rem_sleep"":95,""deep_sleep"":60,""efficiency"":69,""restfulness"":67,""total_sleep"":71}",2026-04-18T21:19:47.596476+00:00
2026-02-13,77,25980,3690,6810,15480,4031,30011,87,810,2026-02-13T05:11:32+00:00,2026-02-13T13:31:43+00:00,"{""timing"":91,""latency"":94,""rem_sleep"":92,""deep_sleep"":59,""efficiency"":88,""restfulness"":61,""total_sleep"":74}",2026-04-18T21:19:47.596476+00:00
2026-02-14,79,23040,2220,6480,14340,4040,27080,85,1140,2026-02-14T05:54:58+00:00,2026-02-14T13:26:18+00:00,"{""timing"":75,""latency"":89,""rem_sleep"":96,""deep_sleep"":55,""efficiency"":79,""restfulness"":73,""total_sleep"":80}",2026-04-18T21:19:47.596476+00:00
2026-02-15,76,25920,3810,4440,17670,15111,41031,63,1320,2026-02-15T06:41:58+00:00,2026-02-15T18:05:49+00:00,"{""timing"":28,""latency"":81,""rem_sleep"":95,""deep_sleep"":93,""efficiency"":41,""restfulness"":48,""total_sleep"":100}",2026-04-18T21:19:47.596476+00:00
2026-02-16,69,24960,3690,5970,15300,4851,29811,84,1650,2026-02-16T05:14:26+00:00,2026-02-16T13:31:17+00:00,"{""timing"":86,""latency"":64,""rem_sleep"":80,""deep_sleep"":59,""efficiency"":81,""restfulness"":48,""total_sleep"":70}",2026-04-18T21:19:47.596476+00:00
2026-02-17,88,23310,3840,5640,13830,2175,25485,91,840,2026-02-17T06:01:00+00:00,2026-02-17T13:05:45+00:00,"{""timing"":79,""latency"":97,""rem_sleep"":88,""deep_sleep"":83,""efficiency"":88,""restfulness"":84,""total_sleep"":91}",2026-04-18T21:19:47.596476+00:00
2026-02-18,77,24780,4290,6300,14190,3900,28680,86,1020,2026-02-18T05:29:58+00:00,2026-02-18T13:27:58+00:00,"{""timing"":87,""latency"":94,""rem_sleep"":84,""deep_sleep"":68,""efficiency"":86,""restfulness"":70,""total_sleep"":69}",2026-04-18T21:19:47.596476+00:00
2026-02-19,67,25710,4230,5910,15570,7095,32805,78,1320,2026-02-19T06:10:00+00:00,2026-02-19T15:16:45+00:00,"{""timing"":57,""latency"":81,""rem_sleep"":80,""deep_sleep"":67,""efficiency"":67,""restfulness"":39,""total_sleep"":73}",2026-04-18T21:19:47.596476+00:00
2026-02-20,77,24240,5640,6360,12240,5555,29795,81,720,2026-02-20T05:29:01+00:00,2026-02-20T13:45:36+00:00,"{""timing"":91,""latency"":91,""rem_sleep"":85,""deep_sleep"":90,""efficiency"":74,""restfulness"":66,""total_sleep"":67}",2026-04-18T21:19:47.596476+00:00
2026-02-21,78,29520,4140,8430,16950,8505,38025,78,660,2026-02-21T05:07:30+00:00,2026-02-21T15:41:15+00:00,"{""timing"":75,""latency"":89,""rem_sleep"":99,""deep_sleep"":65,""efficiency"":67,""restfulness"":52,""total_sleep"":87}",2026-04-18T21:19:47.596476+00:00
2026-02-22,73,20580,4710,6030,9840,3205,23785,87,570,2026-02-22T07:04:57+00:00,2026-02-22T13:41:22+00:00,"{""timing"":56,""latency"":83,""rem_sleep"":93,""deep_sleep"":94,""efficiency"":69,""restfulness"":51,""total_sleep"":74}",2026-04-18T21:19:47.596476+00:00
2026-02-23,75,26760,4020,6600,16140,6518,33278,80,930,2026-02-23T05:31:56+00:00,2026-02-23T14:46:34+00:00,"{""timing"":74,""latency"":97,""rem_sleep"":88,""deep_sleep"":63,""efficiency"":72,""restfulness"":57,""total_sleep"":77}",2026-04-18T21:19:47.596476+00:00
2026-02-24,79,28020,5040,7800,15180,3622,31642,89,480,2026-02-24T06:05:59+00:00,2026-02-24T14:53:21+00:00,"{""timing"":60,""latency"":81,""rem_sleep"":97,""deep_sleep"":80,""efficiency"":93,""restfulness"":63,""total_sleep"":81}",2026-04-18T21:19:47.596476+00:00
2026-02-25,67,21210,4260,4020,12930,3513,24723,86,420,2026-02-25T06:17:57+00:00,2026-02-25T13:10:00+00:00,"{""timing"":83,""latency"":78,""rem_sleep"":53,""deep_sleep"":67,""efficiency"":86,""restfulness"":71,""total_sleep"":55}",2026-04-18T21:19:47.596476+00:00
2026-02-26,80,24630,4770,6570,13290,2530,27160,91,450,2026-02-26T04:55:59+00:00,2026-02-26T12:28:39+00:00,"{""timing"":100,""latency"":78,""rem_sleep"":88,""deep_sleep"":76,""efficiency"":96,""restfulness"":82,""total_sleep"":68}",2026-04-18T21:19:47.596476+00:00
2026-02-27,80,27120,4710,7020,15390,4025,31145,87,1110,2026-02-27T05:22:28+00:00,2026-02-27T14:01:33+00:00,"{""timing"":80,""latency"":89,""rem_sleep"":94,""deep_sleep"":75,""efficiency"":88,""restfulness"":67,""total_sleep"":78}",2026-04-18T21:19:47.596476+00:00
2026-02-28,74,25470,4350,7380,13740,2926,28396,90,1350,2026-02-28T05:08:01+00:00,2026-02-28T13:01:17+00:00,"{""timing"":63,""latency"":78,""rem_sleep"":96,""deep_sleep"":69,""efficiency"":95,""restfulness"":60,""total_sleep"":72}",2026-04-18T21:19:47.596476+00:00
2026-03-01,62,23850,2400,6330,15120,11832,35682,67,1680,2026-03-01T06:42:59+00:00,2026-03-01T16:37:41+00:00,"{""timing"":17,""latency"":64,""rem_sleep"":95,""deep_sleep"":52,""efficiency"":41,""restfulness"":48,""total_sleep"":80}",2026-04-18T21:19:47.596476+00:00
2026-03-02,78,25590,5700,8280,11610,4110,29700,86,960,2026-03-02T05:11:59+00:00,2026-03-02T13:26:59+00:00,"{""timing"":59,""latency"":97,""rem_sleep"":98,""deep_sleep"":91,""efficiency"":86,""restfulness"":64,""total_sleep"":72}",2026-04-18T21:19:47.596476+00:00
2026-03-03,67,22290,3180,5370,13740,2623,24913,89,1230,2026-03-03T05:05:58+00:00,2026-03-03T12:01:11+00:00,"{""timing"":62,""latency"":83,""rem_sleep"":72,""deep_sleep"":50,""efficiency"":93,""restfulness"":66,""total_sleep"":59}",2026-04-18T21:19:47.596476+00:00
2026-03-04,88,20280,2790,4920,12570,3769,24049,84,1200,2026-03-04T05:01:00+00:00,2026-03-04T11:41:49+00:00,"{""timing"":52,""latency"":86,""rem_sleep"":100,""deep_sleep"":98,""efficiency"":81,""restfulness"":76,""total_sleep"":100}",2026-04-18T21:19:47.596476+00:00
2026-03-05,63,22110,3390,3750,14970,3594,25704,86,720,2026-03-05T06:02:58+00:00,2026-03-05T13:11:22+00:00,"{""timing"":57,""latency"":91,""rem_sleep"":50,""deep_sleep"":54,""efficiency"":86,""restfulness"":56,""total_sleep"":59}",2026-04-18T21:19:47.596476+00:00
2026-03-06,76,24060,4410,6000,13650,3777,27837,86,780,2026-03-06T06:49:29+00:00,2026-03-06T14:33:26+00:00,"{""timing"":89,""latency"":94,""rem_sleep"":80,""deep_sleep"":70,""efficiency"":86,""restfulness"":70,""total_sleep"":66}",2026-04-18T21:19:47.596476+00:00
2026-03-07,79,26250,5100,6240,14910,3627,29877,88,690,2026-03-07T05:53:29+00:00,2026-03-07T14:11:26+00:00,"{""timing"":71,""latency"":89,""rem_sleep"":84,""deep_sleep"":81,""efficiency"":90,""restfulness"":78,""total_sleep"":75}",2026-04-18T21:19:47.596476+00:00
2026-03-08,77,24570,3150,5580,15840,2784,27354,90,1230,2026-03-08T05:36:00+00:00,2026-03-08T13:11:54+00:00,"{""timing"":48,""latency"":83,""rem_sleep"":86,""deep_sleep"":70,""efficiency"":76,""restfulness"":66,""total_sleep"":91}",2026-04-18T21:19:47.596476+00:00
2026-03-09,74,24690,4590,5790,14310,3372,28062,88,480,2026-03-09T05:08:00+00:00,2026-03-09T12:55:42+00:00,"{""timing"":73,""latency"":81,""rem_sleep"":78,""deep_sleep"":73,""efficiency"":90,""restfulness"":66,""total_sleep"":69}",2026-04-18T21:19:47.596476+00:00
2026-03-10,80,26580,5640,8730,12210,5523,32103,83,210,2026-03-10T06:05:57+00:00,2026-03-10T15:01:00+00:00,"{""timing"":100,""latency"":67,""rem_sleep"":99,""deep_sleep"":90,""efficiency"":79,""restfulness"":63,""total_sleep"":76}",2026-04-18T21:19:47.596476+00:00
2026-03-11,70,22380,5490,6660,10230,4015,26395,85,1950,2026-03-11T04:27:56+00:00,2026-03-11T11:47:51+00:00,"{""timing"":50,""latency"":51,""rem_sleep"":89,""deep_sleep"":88,""efficiency"":83,""restfulness"":85,""total_sleep"":60}",2026-04-18T21:19:47.596476+00:00
2026-03-12,79,28200,5130,7830,15240,4190,32390,87,870,2026-03-12T04:09:31+00:00,2026-03-12T13:09:21+00:00,"{""timing"":60,""latency"":97,""rem_sleep"":97,""deep_sleep"":82,""efficiency"":88,""restfulness"":54,""total_sleep"":82}",2026-04-18T21:19:47.596476+00:00
2026-03-13,67,23670,4620,4740,14310,2619,26289,90,1230,2026-03-13T03:26:59+00:00,2026-03-13T10:45:08+00:00,"{""timing"":22,""latency"":83,""rem_sleep"":63,""deep_sleep"":73,""efficiency"":95,""restfulness"":69,""total_sleep"":65}",2026-04-18T21:19:47.596476+00:00
2026-03-14,80,30270,4500,9270,16500,2803,33073,92,510,2026-03-14T04:08:57+00:00,2026-03-14T13:20:10+00:00,"{""timing"":36,""latency"":81,""rem_sleep"":100,""deep_sleep"":71,""efficiency"":97,""restfulness"":70,""total_sleep"":90}",2026-04-18T21:19:47.596476+00:00
2026-03-15,85,29580,3750,8040,17790,3756,33336,89,420,2026-03-15T04:16:01+00:00,2026-03-15T13:31:37+00:00,"{""timing"":42,""latency"":78,""rem_sleep"":98,""deep_sleep"":73,""efficiency"":90,""restfulness"":78,""total_sleep"":100}",2026-04-18T21:19:47.596476+00:00
2026-03-16,71,25620,3540,7890,14190,4028,29648,86,660,2026-03-16T04:48:02+00:00,2026-03-16T13:02:10+00:00,"{""timing"":29,""latency"":89,""rem_sleep"":97,""deep_sleep"":58,""efficiency"":79,""restfulness"":66,""total_sleep"":77}",2026-04-18T21:19:47.596476+00:00
2026-03-17,75,23100,5430,5730,11940,5135,28235,82,630,2026-03-17T05:51:02+00:00,2026-03-17T13:41:37+00:00,"{""timing"":62,""latency"":86,""rem_sleep"":77,""deep_sleep"":90,""efficiency"":74,""restfulness"":58,""total_sleep"":77}",2026-04-18T21:19:47.596476+00:00
2026-03-18,59,19170,4650,4200,10320,3122,22292,86,570,2026-03-18T06:04:32+00:00,2026-03-18T12:16:04+00:00,"{""timing"":41,""latency"":83,""rem_sleep"":56,""deep_sleep"":74,""efficiency"":86,""restfulness"":54,""total_sleep"":47}",2026-04-18T21:19:47.596476+00:00
2026-03-19,85,30570,5580,8250,16740,4113,34683,88,900,2026-03-19T06:00:31+00:00,2026-03-19T15:38:34+00:00,"{""timing"":65,""latency"":99,""rem_sleep"":98,""deep_sleep"":89,""efficiency"":90,""restfulness"":64,""total_sleep"":91}",2026-04-18T21:19:47.596476+00:00
2026-03-20,76,26010,4620,5070,16320,7014,33024,79,780,2026-03-20T07:05:01+00:00,2026-03-20T16:15:25+00:00,"{""timing"":80,""latency"":94,""rem_sleep"":68,""deep_sleep"":73,""efficiency"":69,""restfulness"":77,""total_sleep"":74}",2026-04-18T21:19:47.596476+00:00
2026-03-21,77,29310,4680,6660,17970,3739,33049,89,1530,2026-03-21T05:58:29+00:00,2026-03-21T15:09:18+00:00,"{""timing"":61,""latency"":70,""rem_sleep"":89,""deep_sleep"":74,""efficiency"":93,""restfulness"":53,""total_sleep"":86}",2026-04-18T21:19:47.596476+00:00
2026-03-22,67,21780,4170,5250,12360,7020,28800,76,1260,2026-03-22T07:46:27+00:00,2026-03-22T15:46:27+00:00,"{""timing"":90,""latency"":83,""rem_sleep"":71,""deep_sleep"":66,""efficiency"":62,""restfulness"":64,""total_sleep"":57}",2026-04-18T21:19:47.596476+00:00
2026-03-23,,1020,1800,0,990,871,1891,54,600,2026-03-23T02:45:24+00:00,2026-03-23T03:16:55+00:00,,2026-04-18T21:19:47.596476+00:00
2026-03-24,83,28710,6870,5010,16830,4505,33215,86,1020,2026-03-24T03:17:01+00:00,2026-03-24T12:30:36+00:00,"{""timing"":94,""latency"":94,""rem_sleep"":67,""deep_sleep"":97,""efficiency"":86,""restfulness"":64,""total_sleep"":84}",2026-04-18T21:19:47.596476+00:00
2026-03-25,73,25650,2070,5100,18480,4342,29992,86,720,2026-03-25T03:34:01+00:00,2026-03-25T11:53:53+00:00,"{""timing"":97,""latency"":91,""rem_sleep"":68,""deep_sleep"":32,""efficiency"":86,""restfulness"":71,""total_sleep"":72}",2026-04-18T21:19:47.596476+00:00
2026-03-26,80,27090,4530,7290,15270,3867,30957,88,450,2026-03-26T04:49:01+00:00,2026-03-26T13:24:58+00:00,"{""timing"":100,""latency"":78,""rem_sleep"":96,""deep_sleep"":72,""efficiency"":90,""restfulness"":63,""total_sleep"":78}",2026-04-18T21:19:47.596476+00:00
2026-03-27,79,23160,4590,6510,12060,5158,28318,82,1200,2026-03-27T05:00:31+00:00,2026-03-27T12:52:29+00:00,"{""timing"":93,""latency"":86,""rem_sleep"":88,""deep_sleep"":84,""efficiency"":72,""restfulness"":70,""total_sleep"":73}",2026-04-18T21:19:47.596476+00:00
2026-03-28,60,26130,1890,5760,18480,8970,35100,74,1110,2026-03-28T05:57:00+00:00,2026-03-28T15:42:00+00:00,"{""timing"":54,""latency"":89,""rem_sleep"":77,""deep_sleep"":29,""efficiency"":58,""restfulness"":24,""total_sleep"":74}",2026-04-18T21:19:47.596476+00:00
2026-03-29,71,21660,3720,5130,12810,4020,25680,84,450,2026-03-29T05:57:31+00:00,2026-03-29T13:05:31+00:00,"{""timing"":76,""latency"":78,""rem_sleep"":73,""deep_sleep"":63,""efficiency"":76,""restfulness"":69,""total_sleep"":67}",2026-04-18T21:19:47.596476+00:00
2026-03-30,80,25800,4110,6450,15240,3057,28857,89,450,2026-03-30T04:19:32+00:00,2026-03-30T12:20:29+00:00,"{""timing"":100,""latency"":78,""rem_sleep"":87,""deep_sleep"":65,""efficiency"":93,""restfulness"":84,""total_sleep"":73}",2026-04-18T21:19:47.596476+00:00
2026-03-31,70,19740,3060,4560,12120,1778,21518,92,690,2026-03-31T03:14:01+00:00,2026-03-31T09:12:39+00:00,"{""timing"":38,""latency"":89,""rem_sleep"":75,""deep_sleep"":54,""efficiency"":93,""restfulness"":73,""total_sleep"":68}",2026-04-18T21:19:47.596476+00:00
2026-04-01,79,27300,3060,5580,18660,7374,34674,79,420,2026-04-01T03:39:01+00:00,2026-04-01T13:16:55+00:00,"{""timing"":90,""latency"":78,""rem_sleep"":80,""deep_sleep"":64,""efficiency"":69,""restfulness"":50,""total_sleep"":93}",2026-04-18T21:19:47.596476+00:00
2026-04-02,79,27240,3420,7050,16770,5716,32956,83,690,2026-04-02T03:18:31+00:00,2026-04-02T12:27:47+00:00,"{""timing"":100,""latency"":89,""rem_sleep"":95,""deep_sleep"":54,""efficiency"":79,""restfulness"":69,""total_sleep"":78}",2026-04-18T21:19:47.596476+00:00
2026-04-03,69,17700,4080,2940,10680,2040,19740,90,960,2026-04-03T03:02:59+00:00,2026-04-03T08:31:59+00:00,"{""timing"":34,""latency"":97,""rem_sleep"":61,""deep_sleep"":85,""efficiency"":86,""restfulness"":75,""total_sleep"":59}",2026-04-18T21:19:47.596476+00:00
2026-04-04,72,21600,3870,6870,10860,3289,24889,87,930,2026-04-04T04:23:29+00:00,2026-04-04T11:18:18+00:00,"{""timing"":90,""latency"":97,""rem_sleep"":93,""deep_sleep"":61,""efficiency"":88,""restfulness"":60,""total_sleep"":57}",2026-04-18T21:19:47.596476+00:00
2026-04-05,79,25050,3750,6930,14370,2416,27466,91,750,2026-04-05T05:15:28+00:00,2026-04-05T12:53:14+00:00,"{""timing"":100,""latency"":91,""rem_sleep"":93,""deep_sleep"":60,""efficiency"":96,""restfulness"":67,""total_sleep"":70}",2026-04-18T21:19:47.596476+00:00
2026-04-06,67,24990,4140,5490,15360,8117,33107,75,900,2026-04-06T05:22:01+00:00,2026-04-06T14:33:48+00:00,"{""timing"":89,""latency"":99,""rem_sleep"":74,""deep_sleep"":65,""efficiency"":60,""restfulness"":25,""total_sleep"":70}",2026-04-18T21:19:47.596476+00:00
2026-04-07,71,19830,5340,4590,9900,4762,24592,81,930,2026-04-07T05:22:00+00:00,2026-04-07T12:11:52+00:00,"{""timing"":100,""latency"":97,""rem_sleep"":62,""deep_sleep"":85,""efficiency"":74,""restfulness"":75,""total_sleep"":50}",2026-04-18T21:19:47.596476+00:00
2026-04-08,74,23310,3900,5940,13470,4383,27693,84,1020,2026-04-08T04:33:58+00:00,2026-04-08T12:15:31+00:00,"{""timing"":100,""latency"":94,""rem_sleep"":80,""deep_sleep"":61,""efficiency"":81,""restfulness"":71,""total_sleep"":63}",2026-04-18T21:19:47.596476+00:00
2026-04-09,85,25770,4260,6600,14910,3557,29327,88,570,2026-04-09T04:50:55+00:00,2026-04-09T12:59:42+00:00,"{""timing"":92,""latency"":83,""rem_sleep"":95,""deep_sleep"":83,""efficiency"":81,""restfulness"":79,""total_sleep"":84}",2026-04-18T21:19:47.596476+00:00
2026-04-10,75,20460,4710,6270,9480,3780,24240,84,900,2026-04-10T05:13:30+00:00,2026-04-10T11:57:30+00:00,"{""timing"":100,""latency"":99,""rem_sleep"":84,""deep_sleep"":75,""efficiency"":81,""restfulness"":84,""total_sleep"":52}",2026-04-18T21:19:47.596476+00:00
2026-04-11,77,24870,3840,5910,15120,4453,29323,85,900,2026-04-11T06:07:57+00:00,2026-04-11T14:16:40+00:00,"{""timing"":65,""latency"":99,""rem_sleep"":81,""deep_sleep"":63,""efficiency"":81,""restfulness"":72,""total_sleep"":76}",2026-04-18T21:19:47.596476+00:00
2026-04-12,74,24060,6090,4080,13890,6285,30345,79,990,2026-04-12T05:21:01+00:00,2026-04-12T13:46:46+00:00,"{""timing"":99,""latency"":94,""rem_sleep"":54,""deep_sleep"":95,""efficiency"":69,""restfulness"":62,""total_sleep"":66}",2026-04-18T21:19:47.596476+00:00
2026-04-13,65,22470,3420,3690,15360,6578,29048,77,870,2026-04-13T03:54:01+00:00,2026-04-13T11:58:09+00:00,"{""timing"":98,""latency"":97,""rem_sleep"":49,""deep_sleep"":54,""efficiency"":65,""restfulness"":50,""total_sleep"":60}",2026-04-18T21:19:47.596476+00:00
2026-04-14,77,23460,4650,5640,13170,4093,27553,85,630,2026-04-14T04:49:59+00:00,2026-04-14T12:29:12+00:00,"{""timing"":100,""latency"":86,""rem_sleep"":75,""deep_sleep"":74,""efficiency"":83,""restfulness"":82,""total_sleep"":64}",2026-04-18T21:19:47.596476+00:00
2026-04-15,83,30060,4350,4770,20940,5917,35977,84,750,2026-04-15T03:42:29+00:00,2026-04-15T13:42:06+00:00,"{""timing"":100,""latency"":91,""rem_sleep"":64,""deep_sleep"":69,""efficiency"":81,""restfulness"":74,""total_sleep"":89}",2026-04-18T21:19:47.596476+00:00
2026-04-16,77,26340,3540,5850,16950,3360,29700,89,780,2026-04-16T04:06:31+00:00,2026-04-16T12:21:31+00:00,"{""timing"":100,""latency"":94,""rem_sleep"":79,""deep_sleep"":56,""efficiency"":93,""restfulness"":54,""total_sleep"":75}",2026-04-18T21:19:47.596476+00:00
2026-04-17,76,26580,4140,5190,17250,4304,30884,86,960,2026-04-17T03:23:30+00:00,2026-04-17T11:58:14+00:00,"{""timing"":86,""latency"":97,""rem_sleep"":70,""deep_sleep"":65,""efficiency"":86,""restfulness"":58,""total_sleep"":76}",2026-04-18T21:19:47.596476+00:00
2026-04-18,63,,,,,,,,,,,"{""timing"":100,""latency"":35,""rem_sleep"":67,""deep_sleep"":63,""efficiency"":67,""restfulness"":58,""total_sleep"":59}",2026-04-18T21:19:47.596476+00:00